Description,Expression,DRIVEALONEFREE,DRIVEALONEPAY,SHARED2FREE,SHARED2PAY,SHARED3FREE,SHARED3PAY,WALK,BIKE,WALK_ALLTRN,WALK_PRMTRN,PNR_ALLTRN,PNR_PRMTRN,KNR_ALLTRN,KNR_PRMTRN,SCHOOL_BUS
#TOURMODE Availability,,,,,,,,,,,,,,,,
TOURMODE - Drive-Alone Free Availability,i_tour_mode == 1,,,-999,-999,-999,-999,-999,-999,-999,-999,-999,-999,-999,-999,-999
TOURMODE - Drive-Alone Pay Availability,i_tour_mode == 2,,,-999,-999,-999,-999,-999,-999,-999,-999,-999,-999,-999,-999,-999
TOURMODE - Shared-2 Free Availability,i_tour_mode == 3,,,,-999,-999,-999,,-999,-999,-999,-999,-999,-999,-999,-999
TOURMODE - Shared-2 Pay Availability,i_tour_mode == 4,,,,,-999,-999,,-999,-999,-999,-999,-999,-999,-999,-999
TOURMODE - Shared 3+ Free Availability,i_tour_mode == 5,,,,,,,,-999,-999,-999,-999,-999,-999,-999,-999
TOURMODE -  Shared 3+ Pay Availability,i_tour_mode == 6,,,,,,,,-999,-999,-999,-999,-999,-999,-999,-999
TOURMODE - Walk Availability,i_tour_mode == 7,-999,-999,-999,-999,-999,-999,,-999,-999,-999,-999,-999,-999,-999,-999
TOURMODE - Bike Availability,i_tour_mode == 8,-999,-999,-999,-999,-999,-999,,,-999,-999,-999,-999,-999,-999,-999
TOURMODE - Walk Local Availability,i_tour_mode == 9,-999,-999,,,,,,-999,,,-999,-999,-999,-999,-999
TOURMODE - Walk Premium Availability,i_tour_mode == 10,-999,-999,,,,,,-999,,,-999,-999,-999,-999,-999
TOURMODE - PNR Local Availability,i_tour_mode == 11,-999,-999,-999,-999,-999,-999,-999,-999,-999,-999,,,-999,-999,-999
TOURMODE - PNR Premium Availability,i_tour_mode == 12,-999,-999,-999,-999,-999,-999,-999,-999,-999,-999,,,-999,-999,-999
TOURMODE - KNR Local Availability,i_tour_mode == 13,-999,-999,-999,-999,-999,-999,-999,-999,-999,-999,-999,-999,,,-999
TOURMODE - KNR Premium Availability,i_tour_mode == 14,-999,-999,-999,-999,-999,-999,-999,-999,-999,-999,-999,-999,,,-999
TOURMODE - School Bus Availability,i_tour_mode == 15,-999,-999,-999,-999,-999,-999,-999,-999,-999,-999,-999,-999,-999,-999,
#,,,,,,,,,,,,,,,,
#SOV FREE,,,,,,,,,,,,,,,,
SOVFREE - Unavailable for auto 0,auto_ownership == 0,-999,,,,,,,,,,,,,,
SOVFREE - Unavailable for age < 16,age < 16,-999,,,,,,,,,,,,,,
SOVFREE - In-vehicle time,@c_ivt * odt_skims['SOV_FREE_TIME'],1,,,,,,,,,,,,,,
SOVFREE - Operating cost,@df.c_cost*((costPerMile*odt_skims['SOV_FREE_DISTANCE'])+(100*odt_skims['SOV_FREE_TOLL'])),1,,,,,,,,,,,,,,
SOVFREE - Parking cost,c_cost * parking_cost,1,,,,,,,,,,,,,,
#,,,,,,,,,,,,,,,,
#HOV2 FREE,,,,,,,,,,,,,,,,
HOV2FREE - In-vehicle time,@c_ivt * odt_skims['HOV2_FREE_TIME'],,,1,,,,,,,,,,,,
HOV2FREE - Operating cost,@df.c_cost*((costPerMile*odt_skims['HOV2_FREE_DISTANCE'])+(100*odt_skims['HOV2_FREE_TOLL'])),,,1,,,,,,,,,,,,
HOV2FREE - Parking cost,c_cost * parking_cost,,,1,,,,,,,,,,,,
#,,,,,,,,,,,,,,,,
#HOV 3 FREE,,,,,,,,,,,,,,,,
HOV2FREE - In-vehicle time,@c_ivt * odt_skims['HOV3_FREE_TIME'],,,,,1,,,,,,,,,,
HOV2FREE - Operating cost,@df.c_cost*((costPerMile*odt_skims['HOV2_FREE_DISTANCE'])+(100*odt_skims['HOV2_FREE_TOLL'])),,,,,1,,,,,,,,,,
HOV2FREE - Parking cost,c_cost * parking_cost,,,,,1,,,,,,,,,,
#,,,,,,,,,,,,,,,,
#SOV PAY,,,,,,,,,,,,,,,,
SOVPAY - Unavailable if toll distance = 0,sovpay_available==False,,-999,,,,,,,,,,,,,
SOVPAY - Unavailable for auto 0,(sovpay_available) & (auto_ownership == 0),,-999,,,,,,,,,,,,,
SOVPAY - Unavailable for age < 16,(sovpay_available) & (age < 16),,-999,,,,,,,,,,,,,
SOVPAY - In-vehicle time,@c_ivt * (odt_skims['SOV_TOLL_TIME']) * (df.sovpay_available),,1,,,,,,,,,,,,,
SOVPAY - Operating cost,@df.c_cost*((costPerMile*odt_skims['SOV_TOLL_DISTANCE'])+(100*odt_skims['SOV_TOLLL_TOLL'])) * (df.sovpay_available),,1,,,,,,,,,,,,,
SOVPAY - Pay parking cost,@df.c_cost * df.parking_cost * (df.sovpay_available),,1,,,,,,,,,,,,,
SOVPAY - Constant,@df.c_ivt * (df.sov_cons) * (df.sovpay_available),,1,,,,,,,,,,,,,
#,,,,,,,,,,,,,,,,
#HOV2PAY,,,,,,,,,,,,,,,,
HOV2PAY - Unavailable if toll distance = 0,hov2pay_available==False,,,,-999,,,,,,,,,,,
HOV2PAY - Pay in-vehicle time,@c_ivt * odt_skims['HOV2_TOLL_TIME'] * (df.hov2pay_available),,,,1,,,,,,,,,,,
HOV2PAY - Operating cost,@df.c_cost*((costPerMile*odt_skims['HOV2_TOLL_DISTANCE'])+(100*odt_skims['HOV2_TOLL_TOLL']))*(df.hov2pay_available),,,,1,,,,,,,,,,,
HOV2PAY - Parking cost,@df.c_cost * df.parking_cost * (df.hov2pay_available),,,,1,,,,,,,,,,,
HOV2PAY - Constant,@df.c_ivt * (df.hov2_cons) * (df.hov2pay_available),,,,1,,,,,,,,,,,
#,,,,,,,,,,,,,,,,
#HOV3PAY,,,,,,,,,,,,,,,,
HOV3+PAY - Unavailable if toll distance = 0,hov3pay_available==False,,,,,,-999,,,,,,,,,
HOV3+PAY - In-vehicle time,@c_ivt * (odt_skims['HOV3_TOLL_TIME']) * (df.hov3pay_available),,,,,,1,,,,,,,,,
HOV3+PAY - Operating cost,@df.c_cost*((costPerMile*odt_skims['HOV3_TOLL_DISTANCE'])+(100*odt_skims['HOV3_TOLL_TOLL'])) * (df.hov3pay_available),,,,,,1,,,,,,,,,
HOV3+PAY - Parking cost,@df.c_cost * df.parking_cost * (df.hov3pay_available),,,,,,1,,,,,,,,,
HOV3+PAY - Constant,@df.c_ivt * (df.hov3_cons) * (df.hov3pay_available),,,,,,1,,,,,,,,,
#,,,,,,,,,,,,,,,,
#Walk,,,,,,,,,,,,,,,,
WALK - Unavailable,(i_tour_mode != 7) * (walk_available == False),,,,,,,-999,,,,,,,,
WALK - Time up to 2/3 mile,'@c_walkTimeShort*np.minimum(((odt_skims['SOV_FREE_DISTANCE'])*60/walkSpeed),,,,,,,,,,,,,,,
WALK - Time beyond 2/3 mile,@c_walkTimeLong*np.maximum(((odt_skims['SOV_FREE_DISTANCE'])*60/walkSpeed - walkThresh*60/walkSpeed*2),,,,,,,,,,,,,,,
#,,,,,,,,,,,,,,,,
#Bike,,,,,,,,,,,,,,,,
BIKE mode unavailable,(i_tour_mode != 8) * (bike_available == False),,,,,,,,-999,,,,,,,
BIKE mode time,@c_bikeTime*(odt_skims['SOV_FREE_DISTANCE']*60/bikeSpeed),,,,,,,,1,,,,,,,
#,,,,,,,,,,,,,,,,
#WALKALL,,,,,,,,,,,,,,,,
WLKALL - Unavailable,walk_allTransit_available = False,,,,,,,,,-999,,,,,,
WLKALL - In-vehicle time,@c_ivt*(df.walk_allTransit_ivt)*(df.walk_allTransit_available),,,,,,,,,1,,,,,,
WLKALL - First wait time -- up to 7.5 minutes,@c_firstWaitShort*np.minimum((odt_skims['WLK_ALLTRN_WLK_IWAIT'],,,,,,,,,,,,,,,
WLKALL - First wait time -- in excess of 7.5 minutes,@c_firstWaitLong*np.maximum(((odt_skims['WLK_ALLTRN_WLK_IWAIT']) - firstWaitThresh),,,,,,,,,,,,,,,
WLKALL - Transfer wait time,@c_xferWait*(odt_skims['WLK_ALLTRN_WLK_XWAIT']+odt_skims['WLK_ALLTRN_WLK_XPEN'])*(df.walk_allTransit_available),,,,,,,,,1,,,,,,
WLKALL - Walk time -- up to 2/3 mile,@c_walkTimeShort * np.minimum ((odt_skims['WLK_ALLTRN_WLK_WALK']),,,,,,,,,,,,,,,
WLKALL - Walk time -- beyond 2/3 mile,@c_walkTimeLong * np.maximum(((odt_skims['WLK_ALLTRN_WLK_WALK']- walkThresh*60/walkSpeed),,,,,,,,,,,,,,,
WLKALL - Fare,@df.c_cost*(odt_skims['WLK_ALLTRN_WLK_FARE'])*100*(df.walk_allTransit_available),,,,,,,,,1,,,,,,
#,,,,,,,,,,,,,,,,
#WALKPREMIUM,,,,,,,,,,,,,,,,
WLKPRM - Unavailable,walk_prmTransit_available = False,,,,,,,,,,-999,,,,,
WLKPRM - In-vehicle time,@c_ivt*(df.walk_prmTransit_ivt)*(df.walk_prmTransit_available),,,,,,,,,,1,,,,,
WLKPRM - First wait time -- up to 7.5 minutes,@c_firstWaitShort*np.minimum((odt_skims['WLK_PRMTRN_WLK_IWAIT']),,,,,,,,,,,,,,,
WLKPRM - First wait time -- in excess of 7.5 minutes,@c_firstWaitLong*np.maximum(((odt_skims['WLK_PRMTRN_WLK_IWAIT']) - firstWaitThresh),,,,,,,,,,,,,,,
WLKPRM - Transfer wait time,@c_xferWait*(odt_skims['WLK_PRMTRN_WLK_XWAIT']+odt_skims['WLK_PRMTRN_WLK_XPEN'])*(df.walk_prmTransit_available),,,,,,,,,,1,,,,,
WLKPRM - Walk time -- up to 2/3 mile,@c_walkTimeShort * np.minimum ((odt_skims['WLK_PRMTRN_WLK_WALK']),,,,,,,,,,,,,,,
WLKPRM - Walk time -- beyond 2/3 mile,@c_walkTimeLong * np.maximum (((odt_skims['WLK_PRMTRN_WLK_WALK'])- walkThresh*60/walkSpeed),,,,,,,,,,,,,,,
WLKPRM - Fare,@df.c_cost*(odt_skims['WLK_PRMTRN_WLK_FARE'])*100*(df.walk_prmTransit_available),,,,,,,,,,1,,,,,
#,,,,,,,,,,,,,,,,
#PNR to Non-premium Transit - Outbound ,,,,,,,,,,,,,,,,
PNRALL Outbound - Unavailable,@(df.outbound) & (pnr_allTransit_available_out = False),,,,,,,,,,,-999,,,,
PNRALL Outbound - In-vehicle time,@df.outbound * c_ivt*(df.pnr_allTransit_ivt_out)*(df.pnr_allTransit_available_out) *(df.c_filter_atwrk == 0),,,,,,,,,,,1,,,,
PNRALL Outbound - First wait time -- up to 7.5 minutes,@df.outbound * c_firstWaitShort*np.minimum((odt_skims['PNR_ALLTRN_WLK_IWAIT']),,,,,,,,,,,,,,,
PNRALL Outbound - First wait time -- in excess of 7.5 minutes,@df.outbound * c_firstWaitLong*np.maximum(((odt_skims['PNR_ALLTRN_WLK_IWAIT']) - firstWaitThresh),,,,,,,,,,,,,,,
PNRALL Outbound - Transfer wait time,@df.outbound * c_xferWait*(odt_skims['PNR_ALLTRN_WLK_XWAIT']+odt_skims['PNR_ALLTRN_WLK_XPEN'])*(df.pnr_allTransit_available_out) *(df.c_filter_atwrk == 0),,,,,,,,,,,1,,,,
PNRALL Outbound - Walk time -- up to 2/3 mile,@df.outbound * c_walkTimeShort * np.minimum((odt_skims['PNR_ALLTRN_WLK_WALK']),,,,,,,,,,,,,,,
PNRALL Outbound - Walk time -- beyond 2/3 mile,@df.outbound * c_walkTimeLong * np.maximum(((odt_skims['PNR_ALLTRN_WLK_WALK']) - walkThresh*60/walkSpeed),,,,,,,,,,,,,,,
PNRALL Outbound - Transfer penalty,@df.outbound * c_ivt*5*(odt_skims['PNR_ALLTRN_WLK_BRDS'] > 1)*(df.pnr_allTransit_available_out) *(df.c_filter_atwrk == 0),,,,,,,,,,,1,,,,
PNRALL Outbound - Drive time,@df.outbound * c_pnrTime*odt_skims['PNR_ALLTRN_WLK_AUTO']*(df.pnr_allTransit_available_out) *(df.c_filter_atwrk == 0),,,,,,,,,,,1,,,,
PNRALL Outbound - Cost,@df.outbound * df.c_cost*((odt_skims['PNR_ALLTRN_WLK_FARE'])*100+(odt_skims['PNR_ALLTRN_WLK_AUTO'])*20/60*costPerMile)*(df.pnr_allTransit_available_out) *(df.c_filter_atwrk == 0),,,,,,,,,,,1,,,,
#,,,,,,,,,,,,,,,,
#PNR to Non-premium Transit - Inbound,,,,,,,,,,,,,,,,
PNRALL Inbound - Unavailable,@(inbound) & (pnr_allTransit_available_in = False) & (df.c_filter_atwrk == 0),,,,,,,,,,,-999,,,,
PNRALL Inbound - In-vehicle time,@df.inbound * c_ivt*(df.pnr_allTransit_ivt_in)*(df.pnr_allTransit_available_in)*(df.c_filter_atwrk == 0),,,,,,,,,,,1,,,,
PNRALL Inbound - First wait time -- up to 7.5 minutes,@df.inbound * c_firstWaitShort*np.minimum((dot_skims['WLK_ALLTRN_PNR_IWAIT']),,,,,,,,,,,,,,,
PNRALL Inbound - First wait time -- in excess of 7.5 minutes,@df.inbound * c_firstWaitLong*np.maximum(((dot_skims['WLK_ALLTRN_PNR_IWAIT']) - firstWaitThresh),,,,,,,,,,,,,,,
PNRALL Inbound - Transfer wait time,@df.inbound * c_xferWait*(dot_skims['WLK_ALLTRN_PNR_XWAIT']+dot_skims['WLK_ALLTRN_PNR_XPEN'])*(df.pnr_allTransit_available_in)*(df.c_filter_atwrk == 0),,,,,,,,,,,1,,,,
PNRALL Inbound - Walk time -- up to 2/3 mile,@df.inbound * c_walkTimeShort * np.minimum((dot_skims['WLK_ALLTRN_PNR_WALK']),,,,,,,,,,,,,,,
PNRALL Inbound - Walk time -- beyond 2/3 mile,@df.inbound * c_walkTimeLong * np.maximum(((dot_skims['WLK_ALLTRN_PNR_WALK']) - walkThresh*60/walkSpeed),,,,,,,,,,,,,,,
PNRALL Inbound - Transfer penalty,@df.inbound * c_ivt*5*(dot_skims['WLK_ALLTRN_PNR_BRDS'] > 1)*(df.pnr_allTransit_available_in) *(df.c_filter_atwrk == 0),,,,,,,,,,,1,,,,
PNRALL Inbound - Drive time,@df.inbound * c_pnrTime*dot_skims['WLK_ALLTRN_PNR_AUTO']*(df.pnr_allTransit_available_in) *(df.c_filter_atwrk == 0),,,,,,,,,,,1,,,,
PNRALL Inbound - Cost,@df.inbound * df.c_cost*((dot_skims['WLK_ALLTRN_PNR_FARE'])*100+(dot_skims['WLK_ALLTRN_PNR_AUTO'])*20/60*costPerMile)*(df.pnr_allTransit_available_in) *(df.c_filter_atwrk == 0),,,,,,,,,,,1,,,,
#,,,,,,,,,,,,,,,,
#PNR to Premium Transit - Outbound,,,,,,,,,,,,,,,,
PNRPRM Outbound - Unavailable,@(df.outbound) & (pnr_prmTransit_available_out = False) & (df.c_filter_atwrk == 0),,,,,,,,,,,,-999,,,
PNRPRM Outbound - In-vehicle time,@df.outbound * c_ivt * (df.pnr_prmTransit_ivt_out)*(df.pnr_prmTransit_available_out)*(df.c_filter_atwrk == 0),,,,,,,,,,,,1,,,
PNRPRM Outbound - First wait time -- up to 7.5 minutes,@df.outbound * c_firstWaitShort*np.minimum((odt_skims['PNR_PRMTRN_WLK_IWAIT']),,,,,,,,,,,,,,,
PNRPRM Outbound - First wait time -- in excess of 7.5 minutes,@df.outbound * c_firstWaitLong*np.maximum(((odt_skims['PNR_PRMTRN_WLK_IWAIT']) - firstWaitThresh),,,,,,,,,,,,,,,
PNRPRM Outbound - Transfer wait time,@df.outbound * c_xferWait*(odt_skims['PNR_PRMTRN_WLK_XWAIT']+odt_skims['PNR_PRMTRN_WLK_XPEN'])*(df.pnr_prmTransit_available_out)*(df.c_filter_atwrk == 0),,,,,,,,,,,,1,,,
PNRPRM Outbound - Walk time -- up to 2/3 mile,@df.outbound * c_walkTimeShort * np.minimum((odt_skims['PNR_PRMTRN_WLK_WALK']),,,,,,,,,,,,,,,
PNRPRM Outbound - Walk time -- beyond 2/3 mile,@df.outbound * c_walkTimeLong * np.maximum((odt_skims['PNR_PRMTRN_WLK_WALK'] - walkThresh*60/walkSpeed),,,,,,,,,,,,,,,
PNRPRM Outbound - Transfer penalty,@df.outbound * c_ivt*5*(odt_skims['PNR_PRMTRN_WLK_XWAIT']>0)*(df.pnr_prmTransit_available_out)*(df.c_filter_atwrk == 0),,,,,,,,,,,,1,,,
PNRPRM Outbound - Drive time,@df.outbound * c_pnrTime * (odt_skims['PNR_PRMTRN_WLK_AUTO'])*(df.pnr_prmTransit_available_out)*(df.c_filter_atwrk == 0),,,,,,,,,,,,1,,,
PNRPRM Outbound - Cost,@df.outbound * df.c_cost*((odt_skims['PNR_PRMTRN_WLK_FARE']*100+(odt_skims['PNR_PRMTRN_WLK_AUTO'])*20/60*costPerMile)*(df.pnr_prmTransit_available_out)*(df.c_filter_atwrk == 0),,,,,,,,,,,,1,,,
#,,,,,,,,,,,,,,,,
#PNR to Premium Transit - Inbound,,,,,,,,,,,,,,,,
PNRPRM Inbound - Unavailable,@(df.inbound) & (pnr_prmTransit_available_in==False) & (df.c_filter_atwrk == 0),,,,,,,,,,,,-999,,,
PNRPRM Inbound - In-vehicle time,@df.inbound * c_ivt * (df.pnr_prmTransit_ivt_in)*(df.pnr_prmTransit_available_in)*(df.c_filter_atwrk == 0),,,,,,,,,,,,1,,,
PNRPRM Inbound - First wait time -- up to 7.5 minutes,@df.inbound * c_firstWaitShort*np.minimum((dot_skims['WLK_PRMTRN_PNR_IWAIT']),,,,,,,,,,,,,,,
PNRPRM Inbound - First wait time -- in excess of 7.5 minutes,@df.inbound * c_firstWaitLong*np.maximum(((dot_skims['WLK_PRMTRN_PNR_IWAIT']) - firstWaitThresh),,,,,,,,,,,,,,,
PNRPRM Inbound - Transfer wait time,@df.inbound * c_xferWait*(dot_skims['WLK_PRMTRN_PNR_XWAIT']+dot_skims['WLK_PRMTRN_PNR_XPEN'])*(df.pnr_prmTransit_available_in)*(df.c_filter_atwrk == 0),,,,,,,,,,,,1,,,
PNRPRM Inbound - Walk time -- up to 2/3 mile,@df.inbound * c_walkTimeShort * np.minimum((dot_skims['WLK_PRMTRN_PNR_WALK']),,,,,,,,,,,,,,,
PNRPRM Inbound - Walk time -- beyond 2/3 mile,@df.inbound * c_walkTimeLong * np.maximum(((dot_skims['WLK_PRMTRN_PNR_WALK']) - walkThresh*60/walkSpeed),,,,,,,,,,,,,,,
PNRPRM Inbound - Transfer penalty,@df.inbound * c_ivt*5*((dot_skims['WLK_PRMTRN_PNR_XWAIT'])>0)*(df.pnr_prmTransit_available_in)*(df.c_filter_atwrk == 0),,,,,,,,,,,,1,,,
PNRPRM Inbound - Drive time,@df.inbound * c_pnrTime * (dot_skims['WLK_PRMTRN_PNR_AUTO'])*(df.pnr_prmTransit_available_in)*(df.c_filter_atwrk == 0),,,,,,,,,,,,1,,,
PNRPRM Inbound  -Cost,@df.inbound * df.c_cost*((dot_skims['WLK_PRMTRN_PNR_FARE']*100+dot_skims['WLK_PRMTRN_PNR_AUTO'])*20/60*costPerMile)*(df.pnr_prmTransit_available_in)*(df.c_filter_atwrk == 0),,,,,,,,,,,,1,,,
#,,,,,,,,,,,,,,,,
#KNR to Non-premium Transit - Outbound,,,,,,,,,,,,,,,,
KNRALL Outbound - Unavailable,@(df.outbound) & (knr_allTransit_available_out = False) & (df.c_filter_atwrk == 0),,,,,,,,,,,,,-999,,
KNRALL Outbound - In-vehicle time,@df.outbound * c_ivt*(df.knr_allTransit_ivt_out)*(df.knr_allTransit_available_out)*(df.c_filter_atwrk == 0),,,,,,,,,,,,,1,,
KNRALL Outbound - First wait time -- up to 7.5 minutes,@df.outbound * c_firstWaitShort*np.minimum((odt_skims['KNR_ALLTRN_WLK_IWAIT']),,,,,,,,,,,,,,,
KNRALL Outbound - First wait time -- in excess of 7.5 minutes,@df.outbound * c_firstWaitLong*np.maximum(((odt_skims['KNR_ALLTRN_WLK_IWAIT']) - firstWaitThresh),,,,,,,,,,,,,,,
KNRALL Outbound - Transfer wait time,@df.outbound * c_xferWait*(odt_skims['KNR_ALLTRN_WLK_XWAIT']+odt_skims['KNR_ALLTRN_WLK_XPEN'])*(df.knr_allTransit_available_out)*(df.c_filter_atwrk == 0),,,,,,,,,,,,,1,,
KNRALL Outbound - Walk time -- up to 2/3 mile,@df.outbound * c_walkTimeShort * np.minimum((odt_skims['KNR_ALLTRN_WLK_WALK']),,,,,,,,,,,,,,,
KNRALL Outbound - Walk time -- beyond 2/3 mile,@df.outbound * c_walkTimeLong * np.maximum(((odt_skims['KNR_ALLTRN_WLK_WALK']) - walkThresh*60/walkSpeed),,,,,,,,,,,,,,,
KNRALL Outbound - Drive time,@df.outbound * c_knrTime*odt_skims['kNR_ALLTRN_WLK_AUTO']*(df.knr_allTransit_available_out)*(df.c_filter_atwrk == 0),,,,,,,,,,,,,1,,
KNRALL Outbound - Cost,@df.outbound * df.c_cost*((odt_skims['kNR_ALLTRN_WLK_FARE'])*100+(odt_skims['kNR_ALLTRN_WLK_AUTO'])*20/60*costPerMile)*(df.knr_allTransit_available_out) *(df.c_filter_atwrk == 0),,,,,,,,,,,,,1,,
#,,,,,,,,,,,,,,,,
#KNR to Non-premium Transit - Inbound,,,,,,,,,,,,,,,,
KNRALL Inbound - Unavailable,@(df.inbound) & (knr_allTransit_available_in = False) & (df.c_filter_atwrk == 0),,,,,,,,,,,,,-999,,
KNRALL Inbound - In-vehicle time,@df.inbound * c_ivt*(df.knr_allTransit_ivt_in)*(df.knr_allTransit_available_in) *(df.c_filter_atwrk == 0),,,,,,,,,,,,,1,,
KNRALL Inbound - First wait time -- up to 7.5 minutes,@df.inbound * c_firstWaitShort*np.minimum((dot_skims['WLK_ALLTRN_KNR_IWAIT']),,,,,,,,,,,,,,,
KNRALL Inbound - First wait time -- in excess of 7.5 minutes,@df.inbound * c_firstWaitLong*np.maximum(((dot_skims['WLK_ALLTRN_KNR_IWAIT']) - firstWaitThresh),,,,,,,,,,,,,,,
KNRALL Inbound - Transfer wait time,@df.inbound * c_xferWait*(dot_skims['WLK_ALLTRN_KNR_XWAIT']+dot_skims['WLK_ALLTRN_KNR_XPEN'])*(df.knr_allTransit_available_in)*(df.c_filter_atwrk == 0),,,,,,,,,,,,,1,,
KNRALL Inbound - Walk time -- up to 2/3 mile,@df.inbound * c_walkTimeShort * np.minimum((dot_skims['WLK_ALLTRN_KNR_WALK']),,,,,,,,,,,,,,,
KNRALL Inbound - Walk time -- beyond 2/3 mile,@df.inbound * c_walkTimeLong * np.maximum(((dot_skims['WLK_ALLTRN_KNR_WALK']) - walkThresh*60/walkSpeed),,,,,,,,,,,,,,,
KNRALL Inbound - Drive time,@df.inbound * c_knrTime*dot_skims['WLK_ALLTRN_KNR_AUTO']*(df.knr_allTransit_available_in)*(df.c_filter_atwrk == 0),,,,,,,,,,,,,1,,
KNRALL Inbound - Cost,@df.inbound * df.c_cost*((dot_skims['WLK_ALLTRN_KNR_FARE'])*100+(dot_skims['WLK_ALLTRN_KNR_AUTO'])*20/60*costPerMile)*(df.knr_allTransit_available_in)*(df.c_filter_atwrk == 0),,,,,,,,,,,,,1,,
#,,,,,,,,,,,,,,,,
#KNR to Premium Transit - Outbound,,,,,,,,,,,,,,,,
KNRPRM Outbound - Unavailable,@(df.outbound) & (knr_prmTransit_available_out = False) & (df.c_filter_atwrk == 0),,,,,,,,,,,,,,-999,
KNRPRM Outbound - In-vehicle time,@df.outbound * c_ivt * (df.knr_prmTransit_ivt_out)*(df.knr_prmTransit_available_out)*(df.c_filter_atwrk == 0),,,,,,,,,,,,,,1,
KNRPRM Outbound - First wait time -- up to 7.5 minutes,@df.outbound * c_firstWaitShort*np.minimum((odt_skims['KNR_PRMTRN_WLK_IWAIT']),,,,,,,,,,,,,,,
KNRPRM Outbound - First wait time -- in excess of 7.5 minutes,@df.outbound * c_firstWaitLong*np.maximum(((odt_skims['KNR_PRMTRN_WLK_IWAIT']) - firstWaitThresh),,,,,,,,,,,,,,,
KNRPRM Outbound - Transfer wait time,@df.outbound * c_xferWait*(odt_skims['KNR_PRMTRN_WLK_XWAIT']+odt_skims['KNR_PRMTRN_WLK_XPEN'])*(df.knr_prmTransit_available_out) *(df.c_filter_atwrk == 0),,,,,,,,,,,,,,1,
KNRPRM Outbound - Walk time -- up to 2/3 mile,@df.outbound * c_walkTimeShort * np.minimum((odt_skims['KNR_PRMTRN_WLK_WALK']),,,,,,,,,,,,,,,
KNRPRM Outbound - Walk time -- beyond 2/3 mile,@df.outbound * c_walkTimeLong * np.maximum((odt_skims['KNR_PRMTRN_WLK_WALK'] - walkThresh*60/walkSpeed),,,,,,,,,,,,,,,
KNRPRM Outbound - Drive time,@df.outbound * c_knrTime * (odt_skims['KNR_PRMTRN_WLK_AUTO'])*(df.knr_prmTransit_available_out) *(df.c_filter_atwrk == 0),,,,,,,,,,,,,,1,
KNRPRM Outbound - Cost,@df.outbound * df.c_cost*((odt_skims['KNR_PRMTRN_WLK_FARE']*100+(odt_skims['KNR_PRMTRN_WLK_AUTO'])*20/60*costPerMile)*(df.knr_prmTransit_available_out) *(df.c_filter_atwrk == 0),,,,,,,,,,,,,,1,
#,,,,,,,,,,,,,,,,
#KNR to Premium Transit - Inbound,,,,,,,,,,,,,,,,
KNRPRM Inbound - Unavailable,@(df.inbound) & (knr_prmTransit_available_in==False) & (df.c_filter_atwrk == 0),,,,,,,,,,,,,,-999,
KNRPRM Inbound - In-vehicle time,@df.inbound * c_ivt * (df.knr_prmTransit_ivt_in)*(df.knr_prmTransit_available_in) * (df.c_filter_atwrk == 0),,,,,,,,,,,,,,1,
KNRPRM Inbound - First wait time -- up to 7.5 minutes,@df.inbound * c_firstWaitShort*np.minimum((dot_skims['WLK_PRMTRN_KNR_IWAIT']),,,,,,,,,,,,,,,
KNRPRM Inbound - First wait time -- in excess of 7.5 minutes,@df.inbound * c_firstWaitLong*np.maximum(((dot_skims['WLK_PRMTRN_KNR_IWAIT']) - firstWaitThresh),,,,,,,,,,,,,,,
KNRPRM Inbound - Transfer wait time,@df.inbound * c_xferWait*(dot_skims['WLK_PRMTRN_KNR_XWAIT']+dot_skims['WLK_PRMTRN_KNR_XPEN'])*(df.knr_prmTransit_available_in) * (df.c_filter_atwrk == 0),,,,,,,,,,,,,,1,
KNRPRM Inbound  - Walk time -- up to 2/3 mile,@df.inbound * c_walkTimeShort * np.minimum((dot_skims['WLK_PRMTRN_KNR_WALK']),,,,,,,,,,,,,,,
KNRPRM Inbound - Walk time -- beyond 2/3 mile,@df.inbound * c_walkTimeLong * np.maximum(((dot_skims['WLK_PRMTRN_KNR_WALK']) - walkThresh*60/walkSpeed),,,,,,,,,,,,,,,
KNRPRM Inbound - Drive time,@df.inbound * c_knrTime * (dot_skims['WLK_PRMTRN_KNR_AUTO'])*(df.knr_prmTransit_available_in) * (df.c_filter_atwrk == 0),,,,,,,,,,,,,,1,
KNRPRM Inbound - Cost,@df.inbound * df.c_cost*((dot_skims['WLK_PRMTRN_KNR_FARE']*100+dot_skims['WLK_PRMTRN_KNR_AUTO'])*20/60*costPerMile)*(df.knr_prmTransit_available_in) * (df.c_filter_atwrk == 0),,,,,,,,,,,,,,1,
#,,,,,,,,,,,,,,,,
#SCHOOL,,,,,,,,,,,,,,,,
SCHOOL - Mode Unavailable (schoolBusSpeed),(school_mode_available==False) & (df.c_filter_sch == 1),,,,,,,,,,,,,,,-999
SCHOOL - Grade school pre-driver,@np.where(df.school_mode_available & df.age<16,,,,,,,,,,,,,,,
SCHOOL - Grade school driver,@np.where(df.school_mode_available & df.age>15,,,,,,,,,,,,,,,
SCHOOL - Rural/exurban destination,@np.where(df.school_mode_available & df.ruralDestination,,,,,,,,,,,,,,,
SCHOOL - O/d distance greater than 10 miles,@np.where((df.school_mode_available) & (odt_skims['SOV_FREE_DISTANCE']>10) ,,,,,,,,,,,,,,,
SCHOOL - Depart from home before 8 am,@np.where((df.school_mode_available) & (df.time_out_school) ,,,,,,,,,,,,,,,
SCHOOL - Return to home before 5 pm,@np.where((df.school_mode_available) & (df.time_in_school) ,,,,,,,,,,,,,,,
SCHOOL - In-vehicle time,@df.c_ivt * ((odt_skims['SOV_FREE_DISTANCE'] * 60)/schoolBusSpeed) * (df.school_mode_available) * (df.c_filter_atwrk == 0) * (df.c_filter_sch == 1),,,,,,,,,,,,,,,1
SCHOOL - Out-of-vehicle time,@df.c_ovt * 10 * (df.school_mode_available) * (df.c_filter_atwrk == 0) * (df.c_filter_atwrk == 0) * (df.c_filter_sch == 1),,,,,,,,,,,,,,,1
#,,,,,,,,,,,,,,,,
# HOV Tour Category,,,,,,,,,,,,,,,,
HOV tour category is fully joint,@(df.is_joint) & (df.number_of_participants == 2) & (df.c_filter_nman== 1) & (df.c_filter_atwrk == 0) * (df.c_filter_sch == 1),-999,-999,1.068,1.068,,,,,,,,,,,
HOV tour category is fully joint,@ (df.is_joint) & (df.number_of_participants > 2) & df.(c_filter_nman == 1) & (df.c_filter_atwrk == 0) * (df.c_filter_sch == 1),-999,-999,-999,-999,,,,,,,,,,,
#,,,,,,,,,,,,,,,,
PAYMODE - Constants,@np.where((df.c_filter_atwrk == 0),,,,,,,,,,,,,,,
#,,,,,,,,,,,,,,,,
#MARTA Constants,,,,,,,,,,,,,,,,
MARTA CONSTANT - Walk All Transit,@c_ivt*np.minimum(odt_skims['WLK_ALLTRN_WLK_HRT'],,,,,,,,,,,,,,,
MARTA CONSTANT - Walk Premium,@c_ivt*np.minimum(odt_skims['WLK_PRMTRN_WLK_HRT'],,,,,,,,,,,,,,,
MARTA CONSTANT - PNR All Transit - Outbound Leg of Tour,@df.outbound *c_ivt*np.minimum(odt_skims['PNR_ALLTRN_WLK_HRT'],,,,,,,,,,,,,,,
MARTA CONSTANT - PNR All Transit - Inbound Leg of Tour,@df.inbound *c_ivt*np.minimum(dot_skims['WLK_ALLTRN_PNR_HRT'],,,,,,,,,,,,,,,
MARTA CONSTANT - PNR Premium - Outbound Leg of Tour,@df.outbound *c_ivt*np.minimum(odt_skims['PNR_PRMTRN_WLK_HRT'],,,,,,,,,,,,,,,
MARTA CONSTANT - PNR Premium - Inbound Leg of Tour,@df.inbound * c_ivt*np.minimum(dot_skims['WLK_PRMTRN_PNR_HRT'],,,,,,,,,,,,,,,
MARTA CONSTANT - KNR All Transit - Outbound Leg of Tour,@df.outbound *c_ivt*np.minimum(odt_skims['KNR_ALLTRN_WLK_HRT'],,,,,,,,,,,,,,,
MARTA CONSTANT - KNR All Transit - Inbound Leg of Tour,@df.inbound * c_ivt*np.minimum(dot_skims['WLK_ALLTRN_KNR_HRT'],,,,,,,,,,,,,,,
MARTA CONSTANT - KNR Premium - Outbound Leg of Tour,@df.outbound * c_ivt*np.minimum(odt_skims['KNR_PRMTRN_WLK_HRT'],,,,,,,,,,,,,,,
MARTA CONSTANT - KNR Premium - Inbound Leg of Tour,@df.inbound * c_ivt*np.minimum(dot_skims['WLK_PRMTRN_KNR_HRT'],,,,,,,,,,,,,,,
#,,,,,,,,,,,,,,,,
Walk Transit Short Distance Disutility,@c_ivt*np.minimum(np.maximum((-3*odt_skims['SOV_FREE_DISTANCE']+40),,,,,,,,,,,,,,,
#,,,,,,,,,,,,,,,,
DRIVE PREMIUM - Constants,@np.where((df.c_filter_atwrk == 0),,,,,,,,,,,,,,,
#,,,,,,,,,,,,,,,,
# TOUR MODE CONSTANTS ,,,,,,,,,,,,,,,,
#,,,,,,,,,,,,,,,,
# WORK,,,,,,,,,,,,,,,,
TOURMODE - Drive-Alone Free Constants,@(df.c_filter_wrk) * (df.i_tour_mode == 1),,,,,,,,,-999,-999,-999,-999,-999,-999,-999
TOURMODE - Drive-Alone Pay Constants,@(df.c_filter_wrk) * (df.i_tour_mode == 2),,,,,,,,,-999,-999,-999,-999,-999,-999,-999
TOURMODE - Shared-2 Free Constants,@(df.c_filter_wrk) * (df.i_tour_mode == 3),-0.0905,-0.0905,,,,,-1.6464,,,,,,,,
TOURMODE - Shared-2 Pay Constants,@(df.c_filter_wrk) * (df.i_tour_mode == 4),-0.0905,-0.0905,,,,,-1.6464,,,,,,,,
TOURMODE - Shared 3+ Free Constants,@(df.c_filter_wrk) * (df.i_tour_mode == 5),-0.0104,-0.0104,-0.5915,-0.5915,,,-2.1814,,,,,,,,
TOURMODE - Shared 3+ Pay Constants,@(df.c_filter_wrk) * (df.i_tour_mode == 6),-0.0104,-0.0104,-0.5915,-0.5915,,,-2.1814,,,,,,,,
TOURMODE - Walk Constants,@(df.c_filter_wrk) * (df.i_tour_mode == 7),,,,,,,,,,,,,,,
TOURMODE - Bike Constants,@(df.c_filter_wrk) * (df.i_tour_mode == 8),,,,,,,-1.0561,,,,,,,,
TOURMODE - Walk All Transit Constants,@(df.c_filter_wrk) * (df.i_tour_mode == 9),,,-4.9683,-4.9683,-6.1594,-6.1594,-0.8852,,,,,,,,
TOURMODE - Walk Premium Constants,@(df.c_filter_wrk) * (df.i_tour_mode == 10),,,-4.9683,-4.9683,-6.1594,-6.1594,-0.8852,,,,,,,,
TOURMODE - PNR All Transit Constants,@(df.c_filter_wrk) * (df.i_tour_mode == 11),,,,,,,,,,,,,,,
TOURMODE - PNR Premium Constants,@(df.c_filter_wrk) * (df.i_tour_mode == 12),,,,,,,,,,,,,,,
TOURMODE - KNR All Transit Constants,@(df.c_filter_wrk) * (df.i_tour_mode == 13),,,,,,,,,,,,,,,
TOURMODE - KNR Premium Constants,@(df.c_filter_wrk) * (df.i_tour_mode == 14),,,,,,,,,,,,,,,
#,,,,,,,,,,,,,,,,
# UNIVERSITY,,,,,,,,,,,,,,,,
TOURMODE - Shared-2 Free Constants,@(df.c_filter_univ) & (df.i_tour_mode == 3),-0.536,-0.536,,,,,0.2931,,,,,,,,
TOURMODE - Shared-2 Pay Constants,@(df.c_filter_univ) & (df.i_tour_mode == 4),-0.536,-0.536,,,,,0.2931,,,,,,,,
TOURMODE - Shared 3+ Free Constants,@(df.c_filter_univ) & (df.i_tour_mode == 5),-0.3646,-0.3646,-0.6555,-0.6555,,,-1.7695,,,,,,,,
TOURMODE - Shared 3+ Pay Constants,@(df.c_filter_univ) & (df.i_tour_mode == 6),-0.3646,-0.3646,-0.6555,-0.6555,,,-1.7695,,,,,,,,
TOURMODE - Walk Constants,@(df.c_filter_univ) & (df.i_tour_mode == 7),,,,,,,,,,,,,,,
TOURMODE - Bike Constants,@(df.c_filter_univ) & (df.i_tour_mode == 8),,,,,,,-1.1775,,,,,,,,
TOURMODE - Walk All Transit Constants,@(df.c_filter_univ) & (df.i_tour_mode == 9),,,-6.3589,-6.3589,-7.7369,-7.7369,-3.2993,,,,,,,,
TOURMODE - Walk Premium Constants,@(df.c_filter_univ) & (df.i_tour_mode == 10),,,-6.3589,-6.3589,-7.7369,-7.7369,-2.8048,,,,,,,,
TOURMODE - PNR All Transit Constants,@(df.c_filter_univ) & (df.i_tour_mode == 11),,,,,,,,,,,,,,,
TOURMODE - PNR Premium Transit Constants,@(df.c_filter_univ) & (df.i_tour_mode == 12),,,,,,,,,,,,,,,
TOURMODE - KNR All Transit Constants,@(df.c_filter_univ) & (df.i_tour_mode == 13),,,,,,,,,,,,,,,
TOURMODE - KNR Premium Transit Constants,@(df.c_filter_univ) & (df.i_tour_mode == 14),,,,,,,,,,,,,,,
#,,,,,,,,,,,,,,,,
# SCHOOL,,,,,,,,,,,,,,,,
TOURMODE - Shared-2 Free Constants,@(df.c_filter_sch) & (df.i_tour_mode == 3),-0.864343504,-0.864343504,,,,,-2.550490435,,,,,,,,
TOURMODE - Shared-2 Pay Constants,@(df.c_filter_sch) & (df.i_tour_mode == 4),-0.864343504,-0.864343504,,,,,-2.550490435,,,,,,,,
TOURMODE - Shared 3+ Free Constants,@(df.c_filter_sch) & (df.i_tour_mode == 5),-1.71460081,-1.71460081,-0.815236896,-0.815236896,,,-2.265078609,,,,,,,,
TOURMODE - Shared 3+ Pay Constants,@(df.c_filter_sch) & (df.i_tour_mode == 6),-1.71460081,-1.71460081,-0.815236896,-0.815236896,,,-2.265078609,,,,,,,,
TOURMODE - Walk Constants,@(df.c_filter_sch) & (df.i_tour_mode == 7),,,,,,,,,,,,,,,
TOURMODE - Bike Constants,@(df.c_filter_sch) & (df.i_tour_mode == 8),,,,,,,-0.617711522,,,,,,,,
TOURMODE - Walk All Transit Constants,@(df.c_filter_sch) & (df.i_tour_mode == 9),,,-2.976513056,-2.976513056,-3.302753257,-3.302753257,-2.706516887,,,,,,,,
TOURMODE - Walk Premium Constants,@(df.c_filter_sch) & (df.i_tour_mode == 10),,,-2.976513056,-2.976513056,-3.302753257,-3.302753257,-2.706516887,,,,,,,,
TOURMODE - PNR All Transit Constants,@(df.c_filter_sch) & (df.i_tour_mode == 11),,,,,,,,,,,,,,,
TOURMODE - PNR Premium Constants,@(df.c_filter_sch) & (df.i_tour_mode == 12),,,,,,,,,,,,,,,
TOURMODE - KNR All Transit Constants,@(df.c_filter_sch) & (df.i_tour_mode == 13),,,,,,,,,,,,,,,
TOURMODE - KNR Premium Constants,@(df.c_filter_sch) & (df.i_tour_mode == 14),,,,,,,,,,,,,,,
TOURMODE - School Bus Constants,@(df.c_filter_sch) & (df.i_tour_mode == 15),,,2.222425545,2.222425545,2.288983572,2.288983572,1.595785614,,,,,,,,
#,,,,,,,,,,,,,,,,
# NONMANDATORY ,,,,,,,,,,,,,,,,
TOURMODE - Shared-2 Free Constants,@(df.c_filter_nman) & (df.i_tour_mode == 3) & (~df.is_joint),0.0451,0.0451,,,,,-2.492,,,,,,,,
TOURMODE - Shared-2 Pay Constants,@(df.c_filter_nman) & (df.i_tour_mode == 4) & (~df.is_joint),0.0451,0.0451,,,,,-2.492,,,,,,,,
TOURMODE - Shared 3+ Free Constants,@(df.c_filter_nman) & (df.i_tour_mode == 5) & (~df.is_joint),-0.6459,-0.6459,-0.6267,-0.6267,,,-2.464,,,,,,,,
TOURMODE - Shared 3+ Pay Constants,@(df.c_filter_nman) & (df.i_tour_mode == 6) & (~df.is_joint),-0.6459,-0.6459,-0.6267,-0.6267,,,-2.464,,,,,,,,
TOURMODE - Walk Constants,@(df.c_filter_nman) & (df.i_tour_mode == 7) & (~df.is_joint),,,,,,,,,,,,,,,
TOURMODE - Bike Constants,@(df.c_filter_nman) & (df.i_tour_mode == 8) & (~df.is_joint),,,,,,,-0.3378,,,,,,,,
TOURMODE - Walk All Transit Constants,@(df.c_filter_nman) & (df.i_tour_mode == 9) & (~df.is_joint),,,-8.0426,-8.0426,-8.4377,-8.4377,-4.9077,,,,,,,,
TOURMODE - Walk Premium Constants,@(df.c_filter_nman) & (df.i_tour_mode == 10) & (~df.is_joint),,,-5.0757,-5.0757,-6.8234,-6.8234,-2.4161,,,,,,,,
TOURMODE - PNR All Transit Constants,@(df.c_filter_nman) & (df.i_tour_mode == 11) & (~df.is_joint),,,,,,,,,,,,,,,
TOURMODE - PNR Premium Constants,@(df.c_filter_nman) & (df.i_tour_mode == 12) & (~df.is_joint),,,,,,,,,,,,,,,
TOURMODE - KNR All Transit Constants,@(df.c_filter_nman) & (df.i_tour_mode == 13) & (~df.is_joint),,,,,,,,,,,,,,,
TOURMODE - KNR Premium Constants,@(df.c_filter_nman) & (df.i_tour_mode == 14) & (~df.is_joint),,,,,,,,,,,,,,,
TOURMODE - Shared-2 Free Constants Joint Tours,@(df.c_filter_nman) & (df.i_tour_mode == 3) & (df.is_joint),0.0174,0.0174,,,,,-2.0302,,,,,,,,
TOURMODE - Shared-2 Pay Constants Joint Tours,@(df.c_filter_nman) & (df.i_tour_mode == 4) & (df.is_joint),0.0174,0.0174,,,,,-2.0302,,,,,,,,
TOURMODE - Shared 3+ Free Constants Joint Tours,@(df.c_filter_nman) & (df.i_tour_mode == 5) & (df.is_joint),-0.1172,-0.1172,-1.243,-1.243,,,-2.1327,,,,,,,,
TOURMODE - Shared 3+ Pay Constants Joint Tours,@(df.c_filter_nman) & (df.i_tour_mode == 6) & (df.is_joint),-0.1172,-0.1172,-1.243,-1.243,,,-2.1327,,,,,,,,
TOURMODE - Walk Constants Joint Tours,@(df.c_filter_nman) & (df.i_tour_mode == 7) & (df.is_joint),,,,,,,,,,,,,,,
TOURMODE - Bike Constants Joint Tours,@(df.c_filter_nman) & (df.i_tour_mode == 8) & (df.is_joint),,,,,,,-2.1393,,,,,,,,
TOURMODE - Walk All Transit Constants Joint Tours,@(df.c_filter_nman) & (df.i_tour_mode == 9) & (df.is_joint),,,-7.4359,-7.4359,-8.1774,-8.1774,-2.3385,,,,,,,,
TOURMODE - Walk Premium Constants Joint Tours,@(df.c_filter_nman) & (df.i_tour_mode == 10) & (df.is_joint),,,-7.4359,-7.4359,-8.1774,-8.1774,-2.3385,,,,,,,,
TOURMODE - PNR All Transit Constants Joint Tours,@(df.c_filter_nman) & (df.i_tour_mode == 11) & (df.is_joint),,,,,,,,,,,,,,,
TOURMODE - PNR Premium Constants,@(df.c_filter_nman) & (df.i_tour_mode == 12) & (df.is_joint),,,,,,,,,,,,,,,
TOURMODE - KNR All Transit Constants Joint Tours,@(df.c_filter_nman) & (df.i_tour_mode == 13) & (df.is_joint),,,,,,,,,,,,,,,
TOURMODE - KNR Premium Constants,@(df.c_filter_nman) & (df.i_tour_mode == 14) & (df.is_joint),,,,,,,,,,,,,,,
#,,,,,,,,,,,,,,,,
# AT-WORK,,,,,,,,,,,,,,,,
TOURMODE -  Shared-2 Free Constants,@(df.c_filter_atwrk) & (df.i_tour_mode == 3),-0.8818,-0.8818,,,,,-3.1882,,,,,,,,
TOURMODE -  Shared-2 Pay Constants,@(df.c_filter_atwrk) & (df.i_tour_mode == 4),-0.8818,-0.8818,,,,,-3.1882,,,,,,,,
TOURMODE -  Shared 3+ Free Constants,@(df.c_filter_atwrk) & (df.i_tour_mode == 5),-2.4332,-2.4332,-1.7836,-1.7836,,,-1.7145,,,,,,,,
TOURMODE -  Shared 3+ Pay Constants,@(df.c_filter_atwrk) & (df.i_tour_mode == 6),-2.4332,-2.4332,-1.7836,-1.7836,,,-1.7145,,,,,,,,
TOURMODE -  Walk Constants,@(df.c_filter_atwrk) & (df.i_tour_mode == 7),,,,,,,,,,,,,,,
TOURMODE -  Bike Constants,@(df.c_filter_atwrk) & (df.i_tour_mode == 8),,,,,,,-0.5679,,,,,,,,
TOURMODE -  Walk All Transit Constants,@(df.c_filter_atwrk) & (df.i_tour_mode == 9),,,-9.3498,-9.3498,-7.0913,-7.0913,-2.5698,,,,,,,,
TOURMODE -  Walk Premium Constants,@(df.c_filter_atwrk) & (df.i_tour_mode == 10),,,-6.383,-6.383,-5.477,-5.477,-0.0782,,,,,,,,
