Token,File,Matrix,TimePeriod
SOV_FREE_TIME,sov_free_ea.omx,TIME,EA
SOV_FREE_DISTANCE,sov_free_ea.omx,DISTANCE,EA
SOV_FREE_TOLL,sov_free_ea.omx,TOLL,EA
HOV2_FREE_TIME,hov2_free_ea.omx,TIME,EA
HOV2_FREE_DISTANCE,hov2_free_ea.omx,DISTANCE,EA
HOV2_FREE_TOLL,hov2_free_ea.omx,TOLL,EA
HOV3_FREE_TIME,hov3_free_ea.omx,TIME,EA
HOV3_FREE_DISTANCE,hov3_free_ea.omx,DISTANCE,EA
HOV3_FREE_TOLL,hov3_free_ea.omx,TOLL,EA
SOV_TOLL_TIME,sov_toll_ea.omx,TIME,EA
SOV_TOLL_DISTANCE,sov_toll_ea.omx,DISTANCE,EA
SOV_TOLL_TOLL,sov_toll_ea.omx,TOLL,EA
SOV_TOLL_TOLLDISTANCE,sov_toll_ea.omx,TOLLDISTANCE,EA
HOV2_TOLL_TIME,hov2_toll_ea.omx,TIME,EA
HOV2_TOLL_DISTANCE,hov2_toll_ea.omx,DISTANCE,EA
HOV2_TOLL_TOLL,hov2_toll_ea.omx,TOLL,EA
HOV2_TOLL_TOLLDISTANCE,hov2_toll_ea.omx,TOLLDISTANCE,EA
HOV3_TOLL_TIME,hov3_toll_ea.omx,TIME,EA
HOV3_TOLL_DISTANCE,hov3_toll_ea.omx,DISTANCE,EA
HOV3_TOLL_TOLL,hov3_toll_ea.omx,TOLL,EA
HOV3_TOLL_TOLLDISTANCE,hov3_toll_ea.omx,TOLLDISTANCE,EA
WLK_ALLTRN_WLK_IWAIT,WLK_ALLTRN_WLK_EA.omx,IWAIT,EA
WLK_ALLTRN_WLK_XWAIT,WLK_ALLTRN_WLK_EA.omx,XWAIT,EA
WLK_ALLTRN_WLK_WALK,WLK_ALLTRN_WLK_EA.omx,WALK,EA
WLK_ALLTRN_WLK_IVT,WLK_ALLTRN_WLK_EA.omx,IVT,EA
WLK_ALLTRN_WLK_LOCAL,WLK_ALLTRN_WLK_EA.omx,LOCAL,EA
WLK_ALLTRN_WLK_XBUS,WLK_ALLTRN_WLK_EA.omx,XBUS,EA
WLK_ALLTRN_WLK_HRT,WLK_ALLTRN_WLK_EA.omx,HRT,EA
WLK_ALLTRN_WLK_BRT,WLK_ALLTRN_WLK_EA.omx,BRT,EA
WLK_ALLTRN_WLK_LRT,WLK_ALLTRN_WLK_EA.omx,LRT,EA
WLK_ALLTRN_WLK_COMRAIL,WLK_ALLTRN_WLK_EA.omx,COMRAIL,EA
WLK_ALLTRN_WLK_FARE,WLK_ALLTRN_WLK_EA.omx,FARE,EA
WLK_ALLTRN_WLK_BRDS,WLK_ALLTRN_WLK_EA.omx,BRDS,EA
WLK_ALLTRN_WLK_XPEN,WLK_ALLTRN_WLK_EA.omx,XPEN,EA
WLK_ALLTRN_WLK_DIST,WLK_ALLTRN_WLK_EA.omx,DIST,EA
WLK_PRMTRN_WLK_IWAIT,WLK_PRMTRN_WLK_EA.omx,IWAIT,EA
WLK_PRMTRN_WLK_XWAIT,WLK_PRMTRN_WLK_EA.omx,XWAIT,EA
WLK_PRMTRN_WLK_WALK,WLK_PRMTRN_WLK_EA.omx,WALK,EA
WLK_PRMTRN_WLK_IVT,WLK_PRMTRN_WLK_EA.omx,IVT,EA
WLK_PRMTRN_WLK_LOCAL,WLK_PRMTRN_WLK_EA.omx,LOCAL,EA
WLK_PRMTRN_WLK_XBUS,WLK_PRMTRN_WLK_EA.omx,XBUS,EA
WLK_PRMTRN_WLK_HRT,WLK_PRMTRN_WLK_EA.omx,HRT,EA
WLK_PRMTRN_WLK_BRT,WLK_PRMTRN_WLK_EA.omx,BRT,EA
WLK_PRMTRN_WLK_LRT,WLK_PRMTRN_WLK_EA.omx,LRT,EA
WLK_PRMTRN_WLK_COMRAIL,WLK_PRMTRN_WLK_EA.omx,COMRAIL,EA
WLK_PRMTRN_WLK_FARE,WLK_PRMTRN_WLK_EA.omx,FARE,EA
WLK_PRMTRN_WLK_BRDS,WLK_PRMTRN_WLK_EA.omx,BRDS,EA
WLK_PRMTRN_WLK_XPEN,WLK_PRMTRN_WLK_EA.omx,XPEN,EA
WLK_PRMTRN_WLK_DIST,WLK_PRMTRN_WLK_EA.omx,DIST,EA
PNR_ALLTRN_WLK_IWAIT,PNR_ALLTRN_WLK_EA.omx,IWAIT,EA
PNR_ALLTRN_WLK_XWAIT,PNR_ALLTRN_WLK_EA.omx,XWAIT,EA
PNR_ALLTRN_WLK_WALK,PNR_ALLTRN_WLK_EA.omx,WALK,EA
PNR_ALLTRN_WLK_AUTO,PNR_ALLTRN_WLK_EA.omx,AUTO,EA
PNR_ALLTRN_WLK_IVT,PNR_ALLTRN_WLK_EA.omx,IVT,EA
PNR_ALLTRN_WLK_LOCAL,PNR_ALLTRN_WLK_EA.omx,LOCAL,EA
PNR_ALLTRN_WLK_XBUS,PNR_ALLTRN_WLK_EA.omx,XBUS,EA
PNR_ALLTRN_WLK_HRT,PNR_ALLTRN_WLK_EA.omx,HRT,EA
PNR_ALLTRN_WLK_BRT,PNR_ALLTRN_WLK_EA.omx,BRT,EA
PNR_ALLTRN_WLK_LRT,PNR_ALLTRN_WLK_EA.omx,LRT,EA
PNR_ALLTRN_WLK_COMRAIL,PNR_ALLTRN_WLK_EA.omx,COMRAIL,EA
PNR_ALLTRN_WLK_FARE,PNR_ALLTRN_WLK_EA.omx,FARE,EA
PNR_ALLTRN_WLK_BRDS,PNR_ALLTRN_WLK_EA.omx,BRDS,EA
PNR_ALLTRN_WLK_XPEN,PNR_ALLTRN_WLK_EA.omx,XPEN,EA
PNR_ALLTRN_WLK_DIST,PNR_ALLTRN_WLK_EA.omx,DIST,EA
PNR_PRMTRN_WLK_IWAIT,PNR_PRMTRN_WLK_EA.omx,IWAIT,EA
PNR_PRMTRN_WLK_XWAIT,PNR_PRMTRN_WLK_EA.omx,XWAIT,EA
PNR_PRMTRN_WLK_WALK,PNR_PRMTRN_WLK_EA.omx,WALK,EA
PNR_PRMTRN_WLK_AUTO,PNR_PRMTRN_WLK_EA.omx,AUTO,EA
PNR_PRMTRN_WLK_IVT,PNR_PRMTRN_WLK_EA.omx,IVT,EA
PNR_PRMTRN_WLK_LOCAL,PNR_PRMTRN_WLK_EA.omx,LOCAL,EA
PNR_PRMTRN_WLK_XBUS,PNR_PRMTRN_WLK_EA.omx,XBUS,EA
PNR_PRMTRN_WLK_HRT,PNR_PRMTRN_WLK_EA.omx,HRT,EA
PNR_PRMTRN_WLK_BRT,PNR_PRMTRN_WLK_EA.omx,BRT,EA
PNR_PRMTRN_WLK_LRT,PNR_PRMTRN_WLK_EA.omx,LRT,EA
PNR_PRMTRN_WLK_COMRAIL,PNR_PRMTRN_WLK_EA.omx,COMRAIL,EA
PNR_PRMTRN_WLK_FARE,PNR_PRMTRN_WLK_EA.omx,FARE,EA
PNR_PRMTRN_WLK_BRDS,PNR_PRMTRN_WLK_EA.omx,BRDS,EA
PNR_PRMTRN_WLK_XPEN,PNR_PRMTRN_WLK_EA.omx,XPEN,EA
PNR_PRMTRN_WLK_DIST,PNR_PRMTRN_WLK_EA.omx,DIST,EA
KNR_ALLTRN_WLK_IWAIT,KNR_ALLTRN_WLK_EA.omx,IWAIT,EA
KNR_ALLTRN_WLK_XWAIT,KNR_ALLTRN_WLK_EA.omx,XWAIT,EA
KNR_ALLTRN_WLK_WALK,KNR_ALLTRN_WLK_EA.omx,WALK,EA
KNR_ALLTRN_WLK_AUTO,KNR_ALLTRN_WLK_EA.omx,AUTO,EA
KNR_ALLTRN_WLK_IVT,KNR_ALLTRN_WLK_EA.omx,IVT,EA
KNR_ALLTRN_WLK_LOCAL,KNR_ALLTRN_WLK_EA.omx,LOCAL,EA
KNR_ALLTRN_WLK_XBUS,KNR_ALLTRN_WLK_EA.omx,XBUS,EA
KNR_ALLTRN_WLK_HRT,KNR_ALLTRN_WLK_EA.omx,HRT,EA
KNR_ALLTRN_WLK_BRT,KNR_ALLTRN_WLK_EA.omx,BRT,EA
KNR_ALLTRN_WLK_LRT,KNR_ALLTRN_WLK_EA.omx,LRT,EA
KNR_ALLTRN_WLK_COMRAIL,KNR_ALLTRN_WLK_EA.omx,COMRAIL,EA
KNR_ALLTRN_WLK_FARE,KNR_ALLTRN_WLK_EA.omx,FARE,EA
KNR_ALLTRN_WLK_BRDS,KNR_ALLTRN_WLK_EA.omx,BRDS,EA
KNR_ALLTRN_WLK_XPEN,KNR_ALLTRN_WLK_EA.omx,XPEN,EA
KNR_ALLTRN_WLK_DIST,KNR_ALLTRN_WLK_EA.omx,DIST,EA
KNR_PRMTRN_WLK_IWAIT,KNR_PRMTRN_WLK_EA.omx,IWAIT,EA
KNR_PRMTRN_WLK_XWAIT,KNR_PRMTRN_WLK_EA.omx,XWAIT,EA
KNR_PRMTRN_WLK_WALK,KNR_PRMTRN_WLK_EA.omx,WALK,EA
KNR_PRMTRN_WLK_AUTO,KNR_PRMTRN_WLK_EA.omx,AUTO,EA
KNR_PRMTRN_WLK_IVT,KNR_PRMTRN_WLK_EA.omx,IVT,EA
KNR_PRMTRN_WLK_LOCAL,KNR_PRMTRN_WLK_EA.omx,LOCAL,EA
KNR_PRMTRN_WLK_XBUS,KNR_PRMTRN_WLK_EA.omx,XBUS,EA
KNR_PRMTRN_WLK_HRT,KNR_PRMTRN_WLK_EA.omx,HRT,EA
KNR_PRMTRN_WLK_BRT,KNR_PRMTRN_WLK_EA.omx,BRT,EA
KNR_PRMTRN_WLK_LRT,KNR_PRMTRN_WLK_EA.omx,LRT,EA
KNR_PRMTRN_WLK_COMRAIL,KNR_PRMTRN_WLK_EA.omx,COMRAIL,EA
KNR_PRMTRN_WLK_FARE,KNR_PRMTRN_WLK_EA.omx,FARE,EA
KNR_PRMTRN_WLK_BRDS,KNR_PRMTRN_WLK_EA.omx,BRDS,EA
KNR_PRMTRN_WLK_XPEN,KNR_PRMTRN_WLK_EA.omx,XPEN,EA
KNR_PRMTRN_WLK_DIST,KNR_PRMTRN_WLK_EA.omx,DIST,EA
SOV_FREE_TIME,sov_free_am.omx,TIME,AM
SOV_FREE_DISTANCE,sov_free_am.omx,DISTANCE,AM
SOV_FREE_TOLL,sov_free_am.omx,TOLL,AM
HOV2_FREE_TIME,hov2_free_am.omx,TIME,AM
HOV2_FREE_DISTANCE,hov2_free_am.omx,DISTANCE,AM
HOV2_FREE_TOLL,hov2_free_am.omx,TOLL,AM
HOV3_FREE_TIME,hov3_free_am.omx,TIME,AM
HOV3_FREE_DISTANCE,hov3_free_am.omx,DISTANCE,AM
HOV3_FREE_TOLL,hov3_free_am.omx,TOLL,AM
SOV_TOLL_TIME,sov_toll_am.omx,TIME,AM
SOV_TOLL_DISTANCE,sov_toll_am.omx,DISTANCE,AM
SOV_TOLL_TOLL,sov_toll_am.omx,TOLL,AM
SOV_TOLL_TOLLDISTANCE,sov_toll_am.omx,TOLLDISTANCE,AM
HOV2_TOLL_TIME,hov2_toll_am.omx,TIME,AM
HOV2_TOLL_DISTANCE,hov2_toll_am.omx,DISTANCE,AM
HOV2_TOLL_TOLL,hov2_toll_am.omx,TOLL,AM
HOV2_TOLL_TOLLDISTANCE,hov2_toll_am.omx,TOLLDISTANCE,AM
HOV3_TOLL_TIME,hov3_toll_am.omx,TIME,AM
HOV3_TOLL_DISTANCE,hov3_toll_am.omx,DISTANCE,AM
HOV3_TOLL_TOLL,hov3_toll_am.omx,TOLL,AM
HOV3_TOLL_TOLLDISTANCE,hov3_toll_am.omx,TOLLDISTANCE,AM
WLK_ALLTRN_WLK_IWAIT,WLK_ALLTRN_WLK_AM.omx,IWAIT,AM
WLK_ALLTRN_WLK_XWAIT,WLK_ALLTRN_WLK_AM.omx,XWAIT,AM
WLK_ALLTRN_WLK_WALK,WLK_ALLTRN_WLK_AM.omx,WALK,AM
WLK_ALLTRN_WLK_IVT,WLK_ALLTRN_WLK_AM.omx,IVT,AM
WLK_ALLTRN_WLK_LOCAL,WLK_ALLTRN_WLK_AM.omx,LOCAL,AM
WLK_ALLTRN_WLK_XBUS,WLK_ALLTRN_WLK_AM.omx,XBUS,AM
WLK_ALLTRN_WLK_HRT,WLK_ALLTRN_WLK_AM.omx,HRT,AM
WLK_ALLTRN_WLK_BRT,WLK_ALLTRN_WLK_AM.omx,BRT,AM
WLK_ALLTRN_WLK_LRT,WLK_ALLTRN_WLK_AM.omx,LRT,AM
WLK_ALLTRN_WLK_COMRAIL,WLK_ALLTRN_WLK_AM.omx,COMRAIL,AM
WLK_ALLTRN_WLK_FARE,WLK_ALLTRN_WLK_AM.omx,FARE,AM
WLK_ALLTRN_WLK_BRDS,WLK_ALLTRN_WLK_AM.omx,BRDS,AM
WLK_ALLTRN_WLK_XPEN,WLK_ALLTRN_WLK_AM.omx,XPEN,AM
WLK_ALLTRN_WLK_DIST,WLK_ALLTRN_WLK_AM.omx,DIST,AM
WLK_PRMTRN_WLK_IWAIT,WLK_PRMTRN_WLK_AM.omx,IWAIT,AM
WLK_PRMTRN_WLK_XWAIT,WLK_PRMTRN_WLK_AM.omx,XWAIT,AM
WLK_PRMTRN_WLK_WALK,WLK_PRMTRN_WLK_AM.omx,WALK,AM
WLK_PRMTRN_WLK_IVT,WLK_PRMTRN_WLK_AM.omx,IVT,AM
WLK_PRMTRN_WLK_LOCAL,WLK_PRMTRN_WLK_AM.omx,LOCAL,AM
WLK_PRMTRN_WLK_XBUS,WLK_PRMTRN_WLK_AM.omx,XBUS,AM
WLK_PRMTRN_WLK_HRT,WLK_PRMTRN_WLK_AM.omx,HRT,AM
WLK_PRMTRN_WLK_BRT,WLK_PRMTRN_WLK_AM.omx,BRT,AM
WLK_PRMTRN_WLK_LRT,WLK_PRMTRN_WLK_AM.omx,LRT,AM
WLK_PRMTRN_WLK_COMRAIL,WLK_PRMTRN_WLK_AM.omx,COMRAIL,AM
WLK_PRMTRN_WLK_FARE,WLK_PRMTRN_WLK_AM.omx,FARE,AM
WLK_PRMTRN_WLK_BRDS,WLK_PRMTRN_WLK_AM.omx,BRDS,AM
WLK_PRMTRN_WLK_XPEN,WLK_PRMTRN_WLK_AM.omx,XPEN,AM
WLK_PRMTRN_WLK_DIST,WLK_PRMTRN_WLK_AM.omx,DIST,AM
PNR_ALLTRN_WLK_IWAIT,PNR_ALLTRN_WLK_AM.omx,IWAIT,AM
PNR_ALLTRN_WLK_XWAIT,PNR_ALLTRN_WLK_AM.omx,XWAIT,AM
PNR_ALLTRN_WLK_WALK,PNR_ALLTRN_WLK_AM.omx,WALK,AM
PNR_ALLTRN_WLK_AUTO,PNR_ALLTRN_WLK_AM.omx,AUTO,AM
PNR_ALLTRN_WLK_IVT,PNR_ALLTRN_WLK_AM.omx,IVT,AM
PNR_ALLTRN_WLK_LOCAL,PNR_ALLTRN_WLK_AM.omx,LOCAL,AM
PNR_ALLTRN_WLK_XBUS,PNR_ALLTRN_WLK_AM.omx,XBUS,AM
PNR_ALLTRN_WLK_HRT,PNR_ALLTRN_WLK_AM.omx,HRT,AM
PNR_ALLTRN_WLK_BRT,PNR_ALLTRN_WLK_AM.omx,BRT,AM
PNR_ALLTRN_WLK_LRT,PNR_ALLTRN_WLK_AM.omx,LRT,AM
PNR_ALLTRN_WLK_COMRAIL,PNR_ALLTRN_WLK_AM.omx,COMRAIL,AM
PNR_ALLTRN_WLK_FARE,PNR_ALLTRN_WLK_AM.omx,FARE,AM
PNR_ALLTRN_WLK_BRDS,PNR_ALLTRN_WLK_AM.omx,BRDS,AM
PNR_ALLTRN_WLK_XPEN,PNR_ALLTRN_WLK_AM.omx,XPEN,AM
PNR_ALLTRN_WLK_DIST,PNR_ALLTRN_WLK_AM.omx,DIST,AM
PNR_PRMTRN_WLK_IWAIT,PNR_PRMTRN_WLK_AM.omx,IWAIT,AM
PNR_PRMTRN_WLK_XWAIT,PNR_PRMTRN_WLK_AM.omx,XWAIT,AM
PNR_PRMTRN_WLK_WALK,PNR_PRMTRN_WLK_AM.omx,WALK,AM
PNR_PRMTRN_WLK_AUTO,PNR_PRMTRN_WLK_AM.omx,AUTO,AM
PNR_PRMTRN_WLK_IVT,PNR_PRMTRN_WLK_AM.omx,IVT,AM
PNR_PRMTRN_WLK_LOCAL,PNR_PRMTRN_WLK_AM.omx,LOCAL,AM
PNR_PRMTRN_WLK_XBUS,PNR_PRMTRN_WLK_AM.omx,XBUS,AM
PNR_PRMTRN_WLK_HRT,PNR_PRMTRN_WLK_AM.omx,HRT,AM
PNR_PRMTRN_WLK_BRT,PNR_PRMTRN_WLK_AM.omx,BRT,AM
PNR_PRMTRN_WLK_LRT,PNR_PRMTRN_WLK_AM.omx,LRT,AM
PNR_PRMTRN_WLK_COMRAIL,PNR_PRMTRN_WLK_AM.omx,COMRAIL,AM
PNR_PRMTRN_WLK_FARE,PNR_PRMTRN_WLK_AM.omx,FARE,AM
PNR_PRMTRN_WLK_BRDS,PNR_PRMTRN_WLK_AM.omx,BRDS,AM
PNR_PRMTRN_WLK_XPEN,PNR_PRMTRN_WLK_AM.omx,XPEN,AM
PNR_PRMTRN_WLK_DIST,PNR_PRMTRN_WLK_AM.omx,DIST,AM
KNR_ALLTRN_WLK_IWAIT,KNR_ALLTRN_WLK_AM.omx,IWAIT,AM
KNR_ALLTRN_WLK_XWAIT,KNR_ALLTRN_WLK_AM.omx,XWAIT,AM
KNR_ALLTRN_WLK_WALK,KNR_ALLTRN_WLK_AM.omx,WALK,AM
KNR_ALLTRN_WLK_AUTO,KNR_ALLTRN_WLK_AM.omx,AUTO,AM
KNR_ALLTRN_WLK_IVT,KNR_ALLTRN_WLK_AM.omx,IVT,AM
KNR_ALLTRN_WLK_LOCAL,KNR_ALLTRN_WLK_AM.omx,LOCAL,AM
KNR_ALLTRN_WLK_XBUS,KNR_ALLTRN_WLK_AM.omx,XBUS,AM
KNR_ALLTRN_WLK_HRT,KNR_ALLTRN_WLK_AM.omx,HRT,AM
KNR_ALLTRN_WLK_BRT,KNR_ALLTRN_WLK_AM.omx,BRT,AM
KNR_ALLTRN_WLK_LRT,KNR_ALLTRN_WLK_AM.omx,LRT,AM
KNR_ALLTRN_WLK_COMRAIL,KNR_ALLTRN_WLK_AM.omx,COMRAIL,AM
KNR_ALLTRN_WLK_FARE,KNR_ALLTRN_WLK_AM.omx,FARE,AM
KNR_ALLTRN_WLK_BRDS,KNR_ALLTRN_WLK_AM.omx,BRDS,AM
KNR_ALLTRN_WLK_XPEN,KNR_ALLTRN_WLK_AM.omx,XPEN,AM
KNR_ALLTRN_WLK_DIST,KNR_ALLTRN_WLK_AM.omx,DIST,AM
KNR_PRMTRN_WLK_IWAIT,KNR_PRMTRN_WLK_AM.omx,IWAIT,AM
KNR_PRMTRN_WLK_XWAIT,KNR_PRMTRN_WLK_AM.omx,XWAIT,AM
KNR_PRMTRN_WLK_WALK,KNR_PRMTRN_WLK_AM.omx,WALK,AM
KNR_PRMTRN_WLK_AUTO,KNR_PRMTRN_WLK_AM.omx,AUTO,AM
KNR_PRMTRN_WLK_IVT,KNR_PRMTRN_WLK_AM.omx,IVT,AM
KNR_PRMTRN_WLK_LOCAL,KNR_PRMTRN_WLK_AM.omx,LOCAL,AM
KNR_PRMTRN_WLK_XBUS,KNR_PRMTRN_WLK_AM.omx,XBUS,AM
KNR_PRMTRN_WLK_HRT,KNR_PRMTRN_WLK_AM.omx,HRT,AM
KNR_PRMTRN_WLK_BRT,KNR_PRMTRN_WLK_AM.omx,BRT,AM
KNR_PRMTRN_WLK_LRT,KNR_PRMTRN_WLK_AM.omx,LRT,AM
KNR_PRMTRN_WLK_COMRAIL,KNR_PRMTRN_WLK_AM.omx,COMRAIL,AM
KNR_PRMTRN_WLK_FARE,KNR_PRMTRN_WLK_AM.omx,FARE,AM
KNR_PRMTRN_WLK_BRDS,KNR_PRMTRN_WLK_AM.omx,BRDS,AM
KNR_PRMTRN_WLK_XPEN,KNR_PRMTRN_WLK_AM.omx,XPEN,AM
KNR_PRMTRN_WLK_DIST,KNR_PRMTRN_WLK_AM.omx,DIST,AM
SOV_FREE_TIME,sov_free_md.omx,TIME,MD
SOV_FREE_DISTANCE,sov_free_md.omx,DISTANCE,MD
SOV_FREE_TOLL,sov_free_md.omx,TOLL,MD
HOV2_FREE_TIME,hov2_free_md.omx,TIME,MD
HOV2_FREE_DISTANCE,hov2_free_md.omx,DISTANCE,MD
HOV2_FREE_TOLL,hov2_free_md.omx,TOLL,MD
HOV3_FREE_TIME,hov3_free_md.omx,TIME,MD
HOV3_FREE_DISTANCE,hov3_free_md.omx,DISTANCE,MD
HOV3_FREE_TOLL,hov3_free_md.omx,TOLL,MD
SOV_TOLL_TIME,sov_toll_md.omx,TIME,MD
SOV_TOLL_DISTANCE,sov_toll_md.omx,DISTANCE,MD
SOV_TOLL_TOLL,sov_toll_md.omx,TOLL,MD
SOV_TOLL_TOLLDISTANCE,sov_toll_md.omx,TOLLDISTANCE,MD
HOV2_TOLL_TIME,hov2_toll_md.omx,TIME,MD
HOV2_TOLL_DISTANCE,hov2_toll_md.omx,DISTANCE,MD
HOV2_TOLL_TOLL,hov2_toll_md.omx,TOLL,MD
HOV2_TOLL_TOLLDISTANCE,hov2_toll_md.omx,TOLLDISTANCE,MD
HOV3_TOLL_TIME,hov3_toll_md.omx,TIME,MD
HOV3_TOLL_DISTANCE,hov3_toll_md.omx,DISTANCE,MD
HOV3_TOLL_TOLL,hov3_toll_md.omx,TOLL,MD
HOV3_TOLL_TOLLDISTANCE,hov3_toll_md.omx,TOLLDISTANCE,MD
WLK_ALLTRN_WLK_IWAIT,WLK_ALLTRN_WLK_MD.omx,IWAIT,MD
WLK_ALLTRN_WLK_XWAIT,WLK_ALLTRN_WLK_MD.omx,XWAIT,MD
WLK_ALLTRN_WLK_WALK,WLK_ALLTRN_WLK_MD.omx,WALK,MD
WLK_ALLTRN_WLK_IVT,WLK_ALLTRN_WLK_MD.omx,IVT,MD
WLK_ALLTRN_WLK_LOCAL,WLK_ALLTRN_WLK_MD.omx,LOCAL,MD
WLK_ALLTRN_WLK_XBUS,WLK_ALLTRN_WLK_MD.omx,XBUS,MD
WLK_ALLTRN_WLK_HRT,WLK_ALLTRN_WLK_MD.omx,HRT,MD
WLK_ALLTRN_WLK_BRT,WLK_ALLTRN_WLK_MD.omx,BRT,MD
WLK_ALLTRN_WLK_LRT,WLK_ALLTRN_WLK_MD.omx,LRT,MD
WLK_ALLTRN_WLK_COMRAIL,WLK_ALLTRN_WLK_MD.omx,COMRAIL,MD
WLK_ALLTRN_WLK_FARE,WLK_ALLTRN_WLK_MD.omx,FARE,MD
WLK_ALLTRN_WLK_BRDS,WLK_ALLTRN_WLK_MD.omx,BRDS,MD
WLK_ALLTRN_WLK_XPEN,WLK_ALLTRN_WLK_MD.omx,XPEN,MD
WLK_ALLTRN_WLK_DIST,WLK_ALLTRN_WLK_MD.omx,DIST,MD
WLK_PRMTRN_WLK_IWAIT,WLK_PRMTRN_WLK_MD.omx,IWAIT,MD
WLK_PRMTRN_WLK_XWAIT,WLK_PRMTRN_WLK_MD.omx,XWAIT,MD
WLK_PRMTRN_WLK_WALK,WLK_PRMTRN_WLK_MD.omx,WALK,MD
WLK_PRMTRN_WLK_IVT,WLK_PRMTRN_WLK_MD.omx,IVT,MD
WLK_PRMTRN_WLK_LOCAL,WLK_PRMTRN_WLK_MD.omx,LOCAL,MD
WLK_PRMTRN_WLK_XBUS,WLK_PRMTRN_WLK_MD.omx,XBUS,MD
WLK_PRMTRN_WLK_HRT,WLK_PRMTRN_WLK_MD.omx,HRT,MD
WLK_PRMTRN_WLK_BRT,WLK_PRMTRN_WLK_MD.omx,BRT,MD
WLK_PRMTRN_WLK_LRT,WLK_PRMTRN_WLK_MD.omx,LRT,MD
WLK_PRMTRN_WLK_COMRAIL,WLK_PRMTRN_WLK_MD.omx,COMRAIL,MD
WLK_PRMTRN_WLK_FARE,WLK_PRMTRN_WLK_MD.omx,FARE,MD
WLK_PRMTRN_WLK_BRDS,WLK_PRMTRN_WLK_MD.omx,BRDS,MD
WLK_PRMTRN_WLK_XPEN,WLK_PRMTRN_WLK_MD.omx,XPEN,MD
WLK_PRMTRN_WLK_DIST,WLK_PRMTRN_WLK_MD.omx,DIST,MD
PNR_ALLTRN_WLK_IWAIT,PNR_ALLTRN_WLK_MD.omx,IWAIT,MD
PNR_ALLTRN_WLK_XWAIT,PNR_ALLTRN_WLK_MD.omx,XWAIT,MD
PNR_ALLTRN_WLK_WALK,PNR_ALLTRN_WLK_MD.omx,WALK,MD
PNR_ALLTRN_WLK_AUTO,PNR_ALLTRN_WLK_MD.omx,AUTO,MD
PNR_ALLTRN_WLK_IVT,PNR_ALLTRN_WLK_MD.omx,IVT,MD
PNR_ALLTRN_WLK_LOCAL,PNR_ALLTRN_WLK_MD.omx,LOCAL,MD
PNR_ALLTRN_WLK_XBUS,PNR_ALLTRN_WLK_MD.omx,XBUS,MD
PNR_ALLTRN_WLK_HRT,PNR_ALLTRN_WLK_MD.omx,HRT,MD
PNR_ALLTRN_WLK_BRT,PNR_ALLTRN_WLK_MD.omx,BRT,MD
PNR_ALLTRN_WLK_LRT,PNR_ALLTRN_WLK_MD.omx,LRT,MD
PNR_ALLTRN_WLK_COMRAIL,PNR_ALLTRN_WLK_MD.omx,COMRAIL,MD
PNR_ALLTRN_WLK_FARE,PNR_ALLTRN_WLK_MD.omx,FARE,MD
PNR_ALLTRN_WLK_BRDS,PNR_ALLTRN_WLK_MD.omx,BRDS,MD
PNR_ALLTRN_WLK_XPEN,PNR_ALLTRN_WLK_MD.omx,XPEN,MD
PNR_ALLTRN_WLK_DIST,PNR_ALLTRN_WLK_MD.omx,DIST,MD
PNR_PRMTRN_WLK_IWAIT,PNR_PRMTRN_WLK_MD.omx,IWAIT,MD
PNR_PRMTRN_WLK_XWAIT,PNR_PRMTRN_WLK_MD.omx,XWAIT,MD
PNR_PRMTRN_WLK_WALK,PNR_PRMTRN_WLK_MD.omx,WALK,MD
PNR_PRMTRN_WLK_AUTO,PNR_PRMTRN_WLK_MD.omx,AUTO,MD
PNR_PRMTRN_WLK_IVT,PNR_PRMTRN_WLK_MD.omx,IVT,MD
PNR_PRMTRN_WLK_LOCAL,PNR_PRMTRN_WLK_MD.omx,LOCAL,MD
PNR_PRMTRN_WLK_XBUS,PNR_PRMTRN_WLK_MD.omx,XBUS,MD
PNR_PRMTRN_WLK_HRT,PNR_PRMTRN_WLK_MD.omx,HRT,MD
PNR_PRMTRN_WLK_BRT,PNR_PRMTRN_WLK_MD.omx,BRT,MD
PNR_PRMTRN_WLK_LRT,PNR_PRMTRN_WLK_MD.omx,LRT,MD
PNR_PRMTRN_WLK_COMRAIL,PNR_PRMTRN_WLK_MD.omx,COMRAIL,MD
PNR_PRMTRN_WLK_FARE,PNR_PRMTRN_WLK_MD.omx,FARE,MD
PNR_PRMTRN_WLK_BRDS,PNR_PRMTRN_WLK_MD.omx,BRDS,MD
PNR_PRMTRN_WLK_XPEN,PNR_PRMTRN_WLK_MD.omx,XPEN,MD
PNR_PRMTRN_WLK_DIST,PNR_PRMTRN_WLK_MD.omx,DIST,MD
KNR_ALLTRN_WLK_IWAIT,KNR_ALLTRN_WLK_MD.omx,IWAIT,MD
KNR_ALLTRN_WLK_XWAIT,KNR_ALLTRN_WLK_MD.omx,XWAIT,MD
KNR_ALLTRN_WLK_WALK,KNR_ALLTRN_WLK_MD.omx,WALK,MD
KNR_ALLTRN_WLK_AUTO,KNR_ALLTRN_WLK_MD.omx,AUTO,MD
KNR_ALLTRN_WLK_IVT,KNR_ALLTRN_WLK_MD.omx,IVT,MD
KNR_ALLTRN_WLK_LOCAL,KNR_ALLTRN_WLK_MD.omx,LOCAL,MD
KNR_ALLTRN_WLK_XBUS,KNR_ALLTRN_WLK_MD.omx,XBUS,MD
KNR_ALLTRN_WLK_HRT,KNR_ALLTRN_WLK_MD.omx,HRT,MD
KNR_ALLTRN_WLK_BRT,KNR_ALLTRN_WLK_MD.omx,BRT,MD
KNR_ALLTRN_WLK_LRT,KNR_ALLTRN_WLK_MD.omx,LRT,MD
KNR_ALLTRN_WLK_COMRAIL,KNR_ALLTRN_WLK_MD.omx,COMRAIL,MD
KNR_ALLTRN_WLK_FARE,KNR_ALLTRN_WLK_MD.omx,FARE,MD
KNR_ALLTRN_WLK_BRDS,KNR_ALLTRN_WLK_MD.omx,BRDS,MD
KNR_ALLTRN_WLK_XPEN,KNR_ALLTRN_WLK_MD.omx,XPEN,MD
KNR_ALLTRN_WLK_DIST,KNR_ALLTRN_WLK_MD.omx,DIST,MD
KNR_PRMTRN_WLK_IWAIT,KNR_PRMTRN_WLK_MD.omx,IWAIT,MD
KNR_PRMTRN_WLK_XWAIT,KNR_PRMTRN_WLK_MD.omx,XWAIT,MD
KNR_PRMTRN_WLK_WALK,KNR_PRMTRN_WLK_MD.omx,WALK,MD
KNR_PRMTRN_WLK_AUTO,KNR_PRMTRN_WLK_MD.omx,AUTO,MD
KNR_PRMTRN_WLK_IVT,KNR_PRMTRN_WLK_MD.omx,IVT,MD
KNR_PRMTRN_WLK_LOCAL,KNR_PRMTRN_WLK_MD.omx,LOCAL,MD
KNR_PRMTRN_WLK_XBUS,KNR_PRMTRN_WLK_MD.omx,XBUS,MD
KNR_PRMTRN_WLK_HRT,KNR_PRMTRN_WLK_MD.omx,HRT,MD
KNR_PRMTRN_WLK_BRT,KNR_PRMTRN_WLK_MD.omx,BRT,MD
KNR_PRMTRN_WLK_LRT,KNR_PRMTRN_WLK_MD.omx,LRT,MD
KNR_PRMTRN_WLK_COMRAIL,KNR_PRMTRN_WLK_MD.omx,COMRAIL,MD
KNR_PRMTRN_WLK_FARE,KNR_PRMTRN_WLK_MD.omx,FARE,MD
KNR_PRMTRN_WLK_BRDS,KNR_PRMTRN_WLK_MD.omx,BRDS,MD
KNR_PRMTRN_WLK_XPEN,KNR_PRMTRN_WLK_MD.omx,XPEN,MD
KNR_PRMTRN_WLK_DIST,KNR_PRMTRN_WLK_MD.omx,DIST,MD
WLK_ALLTRN_PNR_IWAIT,WLK_ALLTRN_PNR_MD.omx,IWAIT,MD
WLK_ALLTRN_PNR_XWAIT,WLK_ALLTRN_PNR_MD.omx,XWAIT,MD
WLK_ALLTRN_PNR_WALK,WLK_ALLTRN_PNR_MD.omx,WALK,MD
WLK_ALLTRN_PNR_AUTO,WLK_ALLTRN_PNR_MD.omx,AUTO,MD
WLK_ALLTRN_PNR_IVT,WLK_ALLTRN_PNR_MD.omx,IVT,MD
WLK_ALLTRN_PNR_LOCAL,WLK_ALLTRN_PNR_MD.omx,LOCAL,MD
WLK_ALLTRN_PNR_XBUS,WLK_ALLTRN_PNR_MD.omx,XBUS,MD
WLK_ALLTRN_PNR_HRT,WLK_ALLTRN_PNR_MD.omx,HRT,MD
WLK_ALLTRN_PNR_BRT,WLK_ALLTRN_PNR_MD.omx,BRT,MD
WLK_ALLTRN_PNR_LRT,WLK_ALLTRN_PNR_MD.omx,LRT,MD
WLK_ALLTRN_PNR_COMRAIL,WLK_ALLTRN_PNR_MD.omx,COMRAIL,MD
WLK_ALLTRN_PNR_FARE,WLK_ALLTRN_PNR_MD.omx,FARE,MD
WLK_ALLTRN_PNR_BRDS,WLK_ALLTRN_PNR_MD.omx,BRDS,MD
WLK_ALLTRN_PNR_XPEN,WLK_ALLTRN_PNR_MD.omx,XPEN,MD
WLK_ALLTRN_PNR_DIST,WLK_ALLTRN_PNR_MD.omx,DIST,MD
WLK_PRMTRN_PNR_IWAIT,WLK_PRMTRN_PNR_MD.omx,IWAIT,MD
WLK_PRMTRN_PNR_XWAIT,WLK_PRMTRN_PNR_MD.omx,XWAIT,MD
WLK_PRMTRN_PNR_WALK,WLK_PRMTRN_PNR_MD.omx,WALK,MD
WLK_PRMTRN_PNR_AUTO,WLK_PRMTRN_PNR_MD.omx,AUTO,MD
WLK_PRMTRN_PNR_IVT,WLK_PRMTRN_PNR_MD.omx,IVT,MD
WLK_PRMTRN_PNR_LOCAL,WLK_PRMTRN_PNR_MD.omx,LOCAL,MD
WLK_PRMTRN_PNR_XBUS,WLK_PRMTRN_PNR_MD.omx,XBUS,MD
WLK_PRMTRN_PNR_HRT,WLK_PRMTRN_PNR_MD.omx,HRT,MD
WLK_PRMTRN_PNR_BRT,WLK_PRMTRN_PNR_MD.omx,BRT,MD
WLK_PRMTRN_PNR_LRT,WLK_PRMTRN_PNR_MD.omx,LRT,MD
WLK_PRMTRN_PNR_COMRAIL,WLK_PRMTRN_PNR_MD.omx,COMRAIL,MD
WLK_PRMTRN_PNR_FARE,WLK_PRMTRN_PNR_MD.omx,FARE,MD
WLK_PRMTRN_PNR_BRDS,WLK_PRMTRN_PNR_MD.omx,BRDS,MD
WLK_PRMTRN_PNR_XPEN,WLK_PRMTRN_PNR_MD.omx,XPEN,MD
WLK_PRMTRN_PNR_DIST,WLK_PRMTRN_PNR_MD.omx,DIST,MD
WLK_ALLTRN_KNR_IWAIT,WLK_ALLTRN_KNR_MD.omx,IWAIT,MD
WLK_ALLTRN_KNR_XWAIT,WLK_ALLTRN_KNR_MD.omx,XWAIT,MD
WLK_ALLTRN_KNR_WALK,WLK_ALLTRN_KNR_MD.omx,WALK,MD
WLK_ALLTRN_KNR_AUTO,WLK_ALLTRN_KNR_MD.omx,AUTO,MD
WLK_ALLTRN_KNR_IVT,WLK_ALLTRN_KNR_MD.omx,IVT,MD
WLK_ALLTRN_KNR_LOCAL,WLK_ALLTRN_KNR_MD.omx,LOCAL,MD
WLK_ALLTRN_KNR_XBUS,WLK_ALLTRN_KNR_MD.omx,XBUS,MD
WLK_ALLTRN_KNR_HRT,WLK_ALLTRN_KNR_MD.omx,HRT,MD
WLK_ALLTRN_KNR_BRT,WLK_ALLTRN_KNR_MD.omx,BRT,MD
WLK_ALLTRN_KNR_LRT,WLK_ALLTRN_KNR_MD.omx,LRT,MD
WLK_ALLTRN_KNR_COMRAIL,WLK_ALLTRN_KNR_MD.omx,COMRAIL,MD
WLK_ALLTRN_KNR_FARE,WLK_ALLTRN_KNR_MD.omx,FARE,MD
WLK_ALLTRN_KNR_BRDS,WLK_ALLTRN_KNR_MD.omx,BRDS,MD
WLK_ALLTRN_KNR_XPEN,WLK_ALLTRN_KNR_MD.omx,XPEN,MD
WLK_ALLTRN_KNR_DIST,WLK_ALLTRN_KNR_MD.omx,DIST,MD
WLK_PRMTRN_KNR_IWAIT,WLK_PRMTRN_KNR_MD.omx,IWAIT,MD
WLK_PRMTRN_KNR_XWAIT,WLK_PRMTRN_KNR_MD.omx,XWAIT,MD
WLK_PRMTRN_KNR_WALK,WLK_PRMTRN_KNR_MD.omx,WALK,MD
WLK_PRMTRN_KNR_AUTO,WLK_PRMTRN_KNR_MD.omx,AUTO,MD
WLK_PRMTRN_KNR_IVT,WLK_PRMTRN_KNR_MD.omx,IVT,MD
WLK_PRMTRN_KNR_LOCAL,WLK_PRMTRN_KNR_MD.omx,LOCAL,MD
WLK_PRMTRN_KNR_XBUS,WLK_PRMTRN_KNR_MD.omx,XBUS,MD
WLK_PRMTRN_KNR_HRT,WLK_PRMTRN_KNR_MD.omx,HRT,MD
WLK_PRMTRN_KNR_BRT,WLK_PRMTRN_KNR_MD.omx,BRT,MD
WLK_PRMTRN_KNR_LRT,WLK_PRMTRN_KNR_MD.omx,LRT,MD
WLK_PRMTRN_KNR_COMRAIL,WLK_PRMTRN_KNR_MD.omx,COMRAIL,MD
WLK_PRMTRN_KNR_FARE,WLK_PRMTRN_KNR_MD.omx,FARE,MD
WLK_PRMTRN_KNR_BRDS,WLK_PRMTRN_KNR_MD.omx,BRDS,MD
WLK_PRMTRN_KNR_XPEN,WLK_PRMTRN_KNR_MD.omx,XPEN,MD
WLK_PRMTRN_KNR_DIST,WLK_PRMTRN_KNR_MD.omx,DIST,MD
SOV_FREE_TIME,sov_free_pm.omx,TIME,PM
SOV_FREE_DISTANCE,sov_free_pm.omx,DISTANCE,PM
SOV_FREE_TOLL,sov_free_pm.omx,TOLL,PM
HOV2_FREE_TIME,hov2_free_pm.omx,TIME,PM
HOV2_FREE_DISTANCE,hov2_free_pm.omx,DISTANCE,PM
HOV2_FREE_TOLL,hov2_free_pm.omx,TOLL,PM
HOV3_FREE_TIME,hov3_free_pm.omx,TIME,PM
HOV3_FREE_DISTANCE,hov3_free_pm.omx,DISTANCE,PM
HOV3_FREE_TOLL,hov3_free_pm.omx,TOLL,PM
SOV_TOLL_TIME,sov_toll_pm.omx,TIME,PM
SOV_TOLL_DISTANCE,sov_toll_pm.omx,DISTANCE,PM
SOV_TOLL_TOLL,sov_toll_pm.omx,TOLL,PM
SOV_TOLL_TOLLDISTANCE,sov_toll_pm.omx,TOLLDISTANCE,PM
HOV2_TOLL_TIME,hov2_toll_pm.omx,TIME,PM
HOV2_TOLL_DISTANCE,hov2_toll_pm.omx,DISTANCE,PM
HOV2_TOLL_TOLL,hov2_toll_pm.omx,TOLL,PM
HOV2_TOLL_TOLLDISTANCE,hov2_toll_pm.omx,TOLLDISTANCE,PM
HOV3_TOLL_TIME,hov3_toll_pm.omx,TIME,PM
HOV3_TOLL_DISTANCE,hov3_toll_pm.omx,DISTANCE,PM
HOV3_TOLL_TOLL,hov3_toll_pm.omx,TOLL,PM
HOV3_TOLL_TOLLDISTANCE,hov3_toll_pm.omx,TOLLDISTANCE,PM
WLK_ALLTRN_WLK_IWAIT,WLK_ALLTRN_WLK_PM.omx,IWAIT,PM
WLK_ALLTRN_WLK_XWAIT,WLK_ALLTRN_WLK_PM.omx,XWAIT,PM
WLK_ALLTRN_WLK_WALK,WLK_ALLTRN_WLK_PM.omx,WALK,PM
WLK_ALLTRN_WLK_IVT,WLK_ALLTRN_WLK_PM.omx,IVT,PM
WLK_ALLTRN_WLK_LOCAL,WLK_ALLTRN_WLK_PM.omx,LOCAL,PM
WLK_ALLTRN_WLK_XBUS,WLK_ALLTRN_WLK_PM.omx,XBUS,PM
WLK_ALLTRN_WLK_HRT,WLK_ALLTRN_WLK_PM.omx,HRT,PM
WLK_ALLTRN_WLK_BRT,WLK_ALLTRN_WLK_PM.omx,BRT,PM
WLK_ALLTRN_WLK_LRT,WLK_ALLTRN_WLK_PM.omx,LRT,PM
WLK_ALLTRN_WLK_COMRAIL,WLK_ALLTRN_WLK_PM.omx,COMRAIL,PM
WLK_ALLTRN_WLK_FARE,WLK_ALLTRN_WLK_PM.omx,FARE,PM
WLK_ALLTRN_WLK_BRDS,WLK_ALLTRN_WLK_PM.omx,BRDS,PM
WLK_ALLTRN_WLK_XPEN,WLK_ALLTRN_WLK_PM.omx,XPEN,PM
WLK_ALLTRN_WLK_DIST,WLK_ALLTRN_WLK_PM.omx,DIST,PM
WLK_PRMTRN_WLK_IWAIT,WLK_PRMTRN_WLK_PM.omx,IWAIT,PM
WLK_PRMTRN_WLK_XWAIT,WLK_PRMTRN_WLK_PM.omx,XWAIT,PM
WLK_PRMTRN_WLK_WALK,WLK_PRMTRN_WLK_PM.omx,WALK,PM
WLK_PRMTRN_WLK_IVT,WLK_PRMTRN_WLK_PM.omx,IVT,PM
WLK_PRMTRN_WLK_LOCAL,WLK_PRMTRN_WLK_PM.omx,LOCAL,PM
WLK_PRMTRN_WLK_XBUS,WLK_PRMTRN_WLK_PM.omx,XBUS,PM
WLK_PRMTRN_WLK_HRT,WLK_PRMTRN_WLK_PM.omx,HRT,PM
WLK_PRMTRN_WLK_BRT,WLK_PRMTRN_WLK_PM.omx,BRT,PM
WLK_PRMTRN_WLK_LRT,WLK_PRMTRN_WLK_PM.omx,LRT,PM
WLK_PRMTRN_WLK_COMRAIL,WLK_PRMTRN_WLK_PM.omx,COMRAIL,PM
WLK_PRMTRN_WLK_FARE,WLK_PRMTRN_WLK_PM.omx,FARE,PM
WLK_PRMTRN_WLK_BRDS,WLK_PRMTRN_WLK_PM.omx,BRDS,PM
WLK_PRMTRN_WLK_XPEN,WLK_PRMTRN_WLK_PM.omx,XPEN,PM
WLK_PRMTRN_WLK_DIST,WLK_PRMTRN_WLK_PM.omx,DIST,PM
WLK_ALLTRN_PNR_IWAIT,WLK_ALLTRN_PNR_PM.omx,IWAIT,PM
WLK_ALLTRN_PNR_XWAIT,WLK_ALLTRN_PNR_PM.omx,XWAIT,PM
WLK_ALLTRN_PNR_WALK,WLK_ALLTRN_PNR_PM.omx,WALK,PM
WLK_ALLTRN_PNR_AUTO,WLK_ALLTRN_PNR_PM.omx,AUTO,PM
WLK_ALLTRN_PNR_IVT,WLK_ALLTRN_PNR_PM.omx,IVT,PM
WLK_ALLTRN_PNR_LOCAL,WLK_ALLTRN_PNR_PM.omx,LOCAL,PM
WLK_ALLTRN_PNR_XBUS,WLK_ALLTRN_PNR_PM.omx,XBUS,PM
WLK_ALLTRN_PNR_HRT,WLK_ALLTRN_PNR_PM.omx,HRT,PM
WLK_ALLTRN_PNR_BRT,WLK_ALLTRN_PNR_PM.omx,BRT,PM
WLK_ALLTRN_PNR_LRT,WLK_ALLTRN_PNR_PM.omx,LRT,PM
WLK_ALLTRN_PNR_COMRAIL,WLK_ALLTRN_PNR_PM.omx,COMRAIL,PM
WLK_ALLTRN_PNR_FARE,WLK_ALLTRN_PNR_PM.omx,FARE,PM
WLK_ALLTRN_PNR_BRDS,WLK_ALLTRN_PNR_PM.omx,BRDS,PM
WLK_ALLTRN_PNR_XPEN,WLK_ALLTRN_PNR_PM.omx,XPEN,PM
WLK_ALLTRN_PNR_DIST,WLK_ALLTRN_PNR_PM.omx,DIST,PM
WLK_PRMTRN_PNR_IWAIT,WLK_PRMTRN_PNR_PM.omx,IWAIT,PM
WLK_PRMTRN_PNR_XWAIT,WLK_PRMTRN_PNR_PM.omx,XWAIT,PM
WLK_PRMTRN_PNR_WALK,WLK_PRMTRN_PNR_PM.omx,WALK,PM
WLK_PRMTRN_PNR_AUTO,WLK_PRMTRN_PNR_PM.omx,AUTO,PM
WLK_PRMTRN_PNR_IVT,WLK_PRMTRN_PNR_PM.omx,IVT,PM
WLK_PRMTRN_PNR_LOCAL,WLK_PRMTRN_PNR_PM.omx,LOCAL,PM
WLK_PRMTRN_PNR_XBUS,WLK_PRMTRN_PNR_PM.omx,XBUS,PM
WLK_PRMTRN_PNR_HRT,WLK_PRMTRN_PNR_PM.omx,HRT,PM
WLK_PRMTRN_PNR_BRT,WLK_PRMTRN_PNR_PM.omx,BRT,PM
WLK_PRMTRN_PNR_LRT,WLK_PRMTRN_PNR_PM.omx,LRT,PM
WLK_PRMTRN_PNR_COMRAIL,WLK_PRMTRN_PNR_PM.omx,COMRAIL,PM
WLK_PRMTRN_PNR_FARE,WLK_PRMTRN_PNR_PM.omx,FARE,PM
WLK_PRMTRN_PNR_BRDS,WLK_PRMTRN_PNR_PM.omx,BRDS,PM
WLK_PRMTRN_PNR_XPEN,WLK_PRMTRN_PNR_PM.omx,XPEN,PM
WLK_PRMTRN_PNR_DIST,WLK_PRMTRN_PNR_PM.omx,DIST,PM
WLK_ALLTRN_KNR_IWAIT,WLK_ALLTRN_KNR_PM.omx,IWAIT,PM
WLK_ALLTRN_KNR_XWAIT,WLK_ALLTRN_KNR_PM.omx,XWAIT,PM
WLK_ALLTRN_KNR_WALK,WLK_ALLTRN_KNR_PM.omx,WALK,PM
WLK_ALLTRN_KNR_AUTO,WLK_ALLTRN_KNR_PM.omx,AUTO,PM
WLK_ALLTRN_KNR_IVT,WLK_ALLTRN_KNR_PM.omx,IVT,PM
WLK_ALLTRN_KNR_LOCAL,WLK_ALLTRN_KNR_PM.omx,LOCAL,PM
WLK_ALLTRN_KNR_XBUS,WLK_ALLTRN_KNR_PM.omx,XBUS,PM
WLK_ALLTRN_KNR_HRT,WLK_ALLTRN_KNR_PM.omx,HRT,PM
WLK_ALLTRN_KNR_BRT,WLK_ALLTRN_KNR_PM.omx,BRT,PM
WLK_ALLTRN_KNR_LRT,WLK_ALLTRN_KNR_PM.omx,LRT,PM
WLK_ALLTRN_KNR_COMRAIL,WLK_ALLTRN_KNR_PM.omx,COMRAIL,PM
WLK_ALLTRN_KNR_FARE,WLK_ALLTRN_KNR_PM.omx,FARE,PM
WLK_ALLTRN_KNR_BRDS,WLK_ALLTRN_KNR_PM.omx,BRDS,PM
WLK_ALLTRN_KNR_XPEN,WLK_ALLTRN_KNR_PM.omx,XPEN,PM
WLK_ALLTRN_KNR_DIST,WLK_ALLTRN_KNR_PM.omx,DIST,PM
WLK_PRMTRN_KNR_IWAIT,WLK_PRMTRN_KNR_PM.omx,IWAIT,PM
WLK_PRMTRN_KNR_XWAIT,WLK_PRMTRN_KNR_PM.omx,XWAIT,PM
WLK_PRMTRN_KNR_WALK,WLK_PRMTRN_KNR_PM.omx,WALK,PM
WLK_PRMTRN_KNR_AUTO,WLK_PRMTRN_KNR_PM.omx,AUTO,PM
WLK_PRMTRN_KNR_IVT,WLK_PRMTRN_KNR_PM.omx,IVT,PM
WLK_PRMTRN_KNR_LOCAL,WLK_PRMTRN_KNR_PM.omx,LOCAL,PM
WLK_PRMTRN_KNR_XBUS,WLK_PRMTRN_KNR_PM.omx,XBUS,PM
WLK_PRMTRN_KNR_HRT,WLK_PRMTRN_KNR_PM.omx,HRT,PM
WLK_PRMTRN_KNR_BRT,WLK_PRMTRN_KNR_PM.omx,BRT,PM
WLK_PRMTRN_KNR_LRT,WLK_PRMTRN_KNR_PM.omx,LRT,PM
WLK_PRMTRN_KNR_COMRAIL,WLK_PRMTRN_KNR_PM.omx,COMRAIL,PM
WLK_PRMTRN_KNR_FARE,WLK_PRMTRN_KNR_PM.omx,FARE,PM
WLK_PRMTRN_KNR_BRDS,WLK_PRMTRN_KNR_PM.omx,BRDS,PM
WLK_PRMTRN_KNR_XPEN,WLK_PRMTRN_KNR_PM.omx,XPEN,PM
WLK_PRMTRN_KNR_DIST,WLK_PRMTRN_KNR_PM.omx,DIST,PM
SOV_FREE_TIME,sov_free_ev.omx,TIME,EV
SOV_FREE_DISTANCE,sov_free_ev.omx,DISTANCE,EV
SOV_FREE_TOLL,sov_free_ev.omx,TOLL,EV
HOV2_FREE_TIME,hov2_free_ev.omx,TIME,EV
HOV2_FREE_DISTANCE,hov2_free_ev.omx,DISTANCE,EV
HOV2_FREE_TOLL,hov2_free_ev.omx,TOLL,EV
HOV3_FREE_TIME,hov3_free_ev.omx,TIME,EV
HOV3_FREE_DISTANCE,hov3_free_ev.omx,DISTANCE,EV
HOV3_FREE_TOLL,hov3_free_ev.omx,TOLL,EV
SOV_TOLL_TIME,sov_toll_ev.omx,TIME,EV
SOV_TOLL_DISTANCE,sov_toll_ev.omx,DISTANCE,EV
SOV_TOLL_TOLL,sov_toll_ev.omx,TOLL,EV
SOV_TOLL_TOLLDISTANCE,sov_toll_ev.omx,TOLLDISTANCE,EV
HOV2_TOLL_TIME,hov2_toll_ev.omx,TIME,EV
HOV2_TOLL_DISTANCE,hov2_toll_ev.omx,DISTANCE,EV
HOV2_TOLL_TOLL,hov2_toll_ev.omx,TOLL,EV
HOV2_TOLL_TOLLDISTANCE,hov2_toll_ev.omx,TOLLDISTANCE,EV
HOV3_TOLL_TIME,hov3_toll_ev.omx,TIME,EV
HOV3_TOLL_DISTANCE,hov3_toll_ev.omx,DISTANCE,EV
HOV3_TOLL_TOLL,hov3_toll_ev.omx,TOLL,EV
HOV3_TOLL_TOLLDISTANCE,hov3_toll_ev.omx,TOLLDISTANCE,EV
WLK_ALLTRN_WLK_IWAIT,WLK_ALLTRN_WLK_EV.omx,IWAIT,EV
WLK_ALLTRN_WLK_XWAIT,WLK_ALLTRN_WLK_EV.omx,XWAIT,EV
WLK_ALLTRN_WLK_WALK,WLK_ALLTRN_WLK_EV.omx,WALK,EV
WLK_ALLTRN_WLK_IVT,WLK_ALLTRN_WLK_EV.omx,IVT,EV
WLK_ALLTRN_WLK_LOCAL,WLK_ALLTRN_WLK_EV.omx,LOCAL,EV
WLK_ALLTRN_WLK_XBUS,WLK_ALLTRN_WLK_EV.omx,XBUS,EV
WLK_ALLTRN_WLK_HRT,WLK_ALLTRN_WLK_EV.omx,HRT,EV
WLK_ALLTRN_WLK_BRT,WLK_ALLTRN_WLK_EV.omx,BRT,EV
WLK_ALLTRN_WLK_LRT,WLK_ALLTRN_WLK_EV.omx,LRT,EV
WLK_ALLTRN_WLK_COMRAIL,WLK_ALLTRN_WLK_EV.omx,COMRAIL,EV
WLK_ALLTRN_WLK_FARE,WLK_ALLTRN_WLK_EV.omx,FARE,EV
WLK_ALLTRN_WLK_BRDS,WLK_ALLTRN_WLK_EV.omx,BRDS,EV
WLK_ALLTRN_WLK_XPEN,WLK_ALLTRN_WLK_EV.omx,XPEN,EV
WLK_ALLTRN_WLK_DIST,WLK_ALLTRN_WLK_EV.omx,DIST,EV
WLK_PRMTRN_WLK_IWAIT,WLK_PRMTRN_WLK_EV.omx,IWAIT,EV
WLK_PRMTRN_WLK_XWAIT,WLK_PRMTRN_WLK_EV.omx,XWAIT,EV
WLK_PRMTRN_WLK_WALK,WLK_PRMTRN_WLK_EV.omx,WALK,EV
WLK_PRMTRN_WLK_IVT,WLK_PRMTRN_WLK_EV.omx,IVT,EV
WLK_PRMTRN_WLK_LOCAL,WLK_PRMTRN_WLK_EV.omx,LOCAL,EV
WLK_PRMTRN_WLK_XBUS,WLK_PRMTRN_WLK_EV.omx,XBUS,EV
WLK_PRMTRN_WLK_HRT,WLK_PRMTRN_WLK_EV.omx,HRT,EV
WLK_PRMTRN_WLK_BRT,WLK_PRMTRN_WLK_EV.omx,BRT,EV
WLK_PRMTRN_WLK_LRT,WLK_PRMTRN_WLK_EV.omx,LRT,EV
WLK_PRMTRN_WLK_COMRAIL,WLK_PRMTRN_WLK_EV.omx,COMRAIL,EV
WLK_PRMTRN_WLK_FARE,WLK_PRMTRN_WLK_EV.omx,FARE,EV
WLK_PRMTRN_WLK_BRDS,WLK_PRMTRN_WLK_EV.omx,BRDS,EV
WLK_PRMTRN_WLK_XPEN,WLK_PRMTRN_WLK_EV.omx,XPEN,EV
WLK_PRMTRN_WLK_DIST,WLK_PRMTRN_WLK_EV.omx,DIST,EV
